,Unnamed: 0,Unnamed: 1,Product_Desc,First_part,First_Part_2,Type,Type_2,ED_MDM_Product_Code
0,0,0,B 29 AQ INJECTION 1ML,B29AQ,B29AQ,INJECTION1ML,VIALOF1MLINJECTION,ED000009210
1,1,1,B 29 DAILY TABLETS 10^S,B29DAILY,B29DAILY,STRIPOF10TABLETS,STRIPOF10TABLETS,ED000009211
2,126,6,B-BACT OINTMENT 10GM,BBACT,BBACT,OINTMENT10GM,TUBEOF15GOINTMENT,ED000009334
3,127,6,B-BACT OINTMENT 5GM,BBACT,BBACT,OINTMENT5GM,TUBEOF15GOINTMENT,ED000009335
4,128,6,B-BACT OINTMENT 15GM,BBACT,BBACT,OINTMENT15GM,TUBEOF15GOINTMENT,ED000142067
5,126,7,B-BACT OINTMENT 10GM,BBACT,BBACT,OINTMENT10GM,TUBEOF5GMOINTMENT,ED000009334
6,127,7,B-BACT OINTMENT 5GM,BBACT,BBACT,OINTMENT5GM,TUBEOF5GMOINTMENT,ED000009335
7,128,7,B-BACT OINTMENT 15GM,BBACT,BBACT,OINTMENT15GM,TUBEOF5GMOINTMENT,ED000142067
8,1,31,B 29 DAILY TABLETS 10^S,B29DAILY,B29DAILY,STRIPOF10TABLETS,STRIPOF15TABLETS,ED000009211
9,3,32,B 29 GOLD TABLETS 10 .S,B29GOLD,B29GOLD,TABLETS10.S,STRIPOF10TABLETS,ED000009215
10,4,34,B 29 LC TABLETS 10^S,B29LC,B29LC,STRIPOF10TABLETS,STRIPOF10TABLETS,ED000009218
11,5,35,B 29 MAX CAPSULES 10^S,B29MAX,B29MAX,STRIPOF10CAPSULES,STRIPOF10CAPSULES,ED000157872
12,39,74,BACSTOL 200 TABLETS 10^S,BACSTOL200,BACSTOL100,STRIPOF10TABLETS,STRIPOF10TABLETS,ED000009490
13,40,74,BACSTOL 100 TABLETS 10^S,BACSTOL100,BACSTOL100,STRIPOF10TABLETS,STRIPOF10TABLETS,ED000009492
14,39,75,BACSTOL 200 TABLETS 10^S,BACSTOL200,BACSTOL200,STRIPOF10TABLETS,STRIPOF10TABLETS,ED000009490
15,40,75,BACSTOL 100 TABLETS 10^S,BACSTOL100,BACSTOL200,STRIPOF10TABLETS,STRIPOF10TABLETS,ED000009492
16,48,82,BACTIV CAPSULES 10^S,BACTIV,BACTIV,STRIPOF10CAPSULES,BOTTLEOF10CAPSULES,ED000009539
17,48,85,BACTIV CAPSULES 10^S,BACTIV,BACTIVE,STRIPOF10CAPSULES,STRIPOF15TABLETS,ED000009539
18,56,90,BACTOCLAV1000 TABLETS 4S,BACTOCLAV1000,BACTOCLAV1000,TABLETS4S,STRIPOF4TABLETS,ED000009558
19,49,92,BACTOCLAV 375 TABLETS 10^S,BACTOCLAV375,BACTOCLAV375,STRIPOF10TABLETS,STRIPOF10TABLETS,ED000009551
20,54,95,BACTOCLAV DT TABLETS 10^S,BACTOCLAVDT,BACTOCLAVDT,STRIPOF10TABLETS,STRIPOF10TABLETS,ED000009549
21,51,96,BACTOCLAV 625 TABLETS 10^S,BACTOCLAV625,BACTOCLAV625,STRIPOF10TABLETS,STRIPOF10TABLETS,ED000009555
22,57,99,BACTOGARD 200 TABLETS 10S,BACTOGARD200,BACTOGARD200,STRIPOF10TABLETS,STRIPOF10TABLETS,ED000009569
23,59,99,BACTOGARD CV 200 TABLETS 10S,BACTOGARDCV200,BACTOGARD200,STRIPOF10TABLETS,STRIPOF10TABLETS,ED000009573
24,62,106,BACTOMIN 750 MG TABLETS 1*6T,BACTOMIN750MG,BACTOMIN750,TABLETS1*6T,STRIPOF6TABLETS,ED000009579
25,97,147,BANOCIDE TABLETS 10TABLETS,BANOCIDE,BANOCIDE,TABLETS,STRIPOF20TABLETS,ED000009700
26,101,156,BARIKIND 4 TABLETS 14T,BARIKIND4,BARIKIND4,TABLETS14T,STRIPOF14TABLETS,ED000158266
27,119,192,BAYACE 100MG CAPSULES 10^S,BAYACE100MG,BAYACE100MG,STRIPOF10CAPSULES,STRIPOF10CAPSULES,ED000009819
28,120,193,BAYCIP 250 TABLETS 10^S,BAYCIP250,BAYCIP250MG,STRIPOF10TABLETS,STRIPOF10TABLETS,ED000009821
29,121,194,BAYCIP 500 TABLETS 10^S,BAYCIP500,BAYCIP500,STRIPOF10TABLETS,STRIPOF10TABLETS,ED000009822
30,122,195,BAYCIP TZ TABLETS 10^S,BAYCIPTZ,BAYCIPTZ,STRIPOF10TABLETS,STRIPOF10TABLETS,ED000009824
31,126,199,B-BACT OINTMENT 10GM,BBACT,BBACT,OINTMENT10GM,TUBEOF10GMSOINTMENT,ED000009334
32,127,199,B-BACT OINTMENT 5GM,BBACT,BBACT,OINTMENT5GM,TUBEOF10GMSOINTMENT,ED000009335
33,128,199,B-BACT OINTMENT 15GM,BBACT,BBACT,OINTMENT15GM,TUBEOF10GMSOINTMENT,ED000142067
34,152,241,BECADEXAMIN CAPSULES 30S,BECADEXAMIN,BECADEXAMIN,CAPSULES30S,BOTTLEOF30CAPSULES,ED000009872
35,154,244,BECELAC PB CAPSULES 10^S,BECELACPB,BECELACPB,STRIPOF10CAPSULES,STRIPOF10CAPSULES,ED000009886
36,170,267,BECOSULES Z CAPSULES 20,BECOSULESZ,BECOSULES,CAPSULES20,STRIPOF20CAPSULES,ED000009987
37,170,272,BECOSULES Z CAPSULES 20,BECOSULESZ,BECOSULESZ,CAPSULES20,STRIPOF20CAPSULES,ED000009987
38,174,278,BECOZINC G CAPSULES 10^S,BECOZINCG,BECOZINC,STRIPOF10CAPSULES,STRIPOF15CAPSULES,ED000010005
39,176,278,BECOZINC M TABLETS 10^S,BECOZINCM,BECOZINC,STRIPOF10TABLETS,STRIPOF15CAPSULES,ED000160576
40,174,279,BECOZINC G CAPSULES 10^S,BECOZINCG,BECOZINC,STRIPOF10CAPSULES,STRIPOF20CAPSULES,ED000010005
41,176,279,BECOZINC M TABLETS 10^S,BECOZINCM,BECOZINC,STRIPOF10TABLETS,STRIPOF20CAPSULES,ED000160576
42,174,280,BECOZINC G CAPSULES 10^S,BECOZINCG,BECOZINC,STRIPOF10CAPSULES,STRIPOF20CAPSULES,ED000010005
43,176,280,BECOZINC M TABLETS 10^S,BECOZINCM,BECOZINC,STRIPOF10TABLETS,STRIPOF20CAPSULES,ED000160576
44,174,281,BECOZINC G CAPSULES 10^S,BECOZINCG,BECOZINC,STRIPOF10CAPSULES,STRIPOF30CAPSULES,ED000010005
45,176,281,BECOZINC M TABLETS 10^S,BECOZINCM,BECOZINC,STRIPOF10TABLETS,STRIPOF30CAPSULES,ED000160576
46,174,282,BECOZINC G CAPSULES 10^S,BECOZINCG,BECOZINCG,STRIPOF10CAPSULES,BLISTERPACKOF10CAPSULES,ED000010005
47,174,283,BECOZINC G CAPSULES 10^S,BECOZINCG,BECOZINCG,STRIPOF10CAPSULES,STRIPOF10CAPSULES,ED000010005
48,176,285,BECOZINC M TABLETS 10^S,BECOZINCM,BECOZINCM,STRIPOF10TABLETS,STRIPOF10TABLETS,ED000160576
49,178,286,BECOZYM C FORTE* TABLETS 15S,BECOZYMCFORTE*,BECOZYMCFORTE,TABLETS15S,STRIPOF15TABLETS,ED000010008
50,178,287,BECOZYM C FORTE* TABLETS 15S,BECOZYMCFORTE*,BECOZYMCFORTE,TABLETS15S,STRIPOF15TABLETS,ED000010008
51,178,289,BECOZYM C FORTE* TABLETS 15S,BECOZYMCFORTE*,BECOZYMECFORTE,TABLETS15S,STRIPOF15TABLETS,ED000010008
52,183,305,BEIPOS TABLETS 10T,BEIPOS,BEIPOS,TABLETS10T,STRIPOF10TABLETS,ED000010060
53,190,317,BELIC TABLETS 10^S,BELIC,BELIC,STRIPOF10TABLETS,STRIPOF10TABLETS,ED000010071
54,192,337,BELLYWELL M TABLETS 10^S,BELLYWELLM,BELLYWELLM,STRIPOF10TABLETS,STRIPOF10TABLETS,ED000149011
55,193,342,BELTAS TABLETS 10^S,BELTAS,BELTAS,STRIPOF10TABLETS,STRIPOF10TABLETS,ED000115744
56,206,361,BENALGIS TABLETS          (4X10) 10 TABLETS,BENALGIS,BENALGIS,TABLETS,STRIPOF10TABLETS,ED000010130
57,207,366,BENCID TABLETS 10^S,BENCID,BENCID,STRIPOF10TABLETS,STRIPOF10TABLETS,ED000010133
58,208,368,BENDEX 400 TABLETS 1TABLETS,BENDEX400,BENDEX400,TABLETS,STRIPOF1TABLETS,ED000010140
59,209,369,BENDEX PLUS TABLETS 1TABLETS,BENDEXPLUS,BENDEXPLUS,TABLETS,STRIPOF1TABLET,ED000010141
60,211,375,BENEFICIALE CAPSULES 15S,BENEFICIALE,BENEFICIALE,CAPSULES15S,STRIPOF15CAPSULES,ED000010144
61,226,397,BENFOMET TABLETS 10^S,BENFOMET,BENFOMET,STRIPOF10TABLETS,STRIPOF10CAPSULES,ED000010165
62,224,398,BENFOMET FORTE TABLETS 10^S,BENFOMETFORTE,BENFOMETFORTE,STRIPOF10TABLETS,STRIPOF10TABLETS,ED000010166
63,225,399,BENFOMET PLUS TABLETS 10^S,BENFOMETPLUS,BENFOMETPLUS,STRIPOF10TABLETS,STRIPOF10TABLETS,ED000010167
64,227,406,BENFOSULES CAPSULES 10:S,BENFOSULES,BENFOSULES,CAPSULES10:S,STRIPOF10CAPSULES,
65,239,423,BENIDUCE 4 TABLETS 10.S,BENIDUCE4,BENIDUCE4,TABLETS10.S,STRIPOF10TABLETS,ED000010210
66,240,424,BENIDUCE 8 TABLETS 10.S,BENIDUCE8,BENIDUCE8,TABLETS10.S,STRIPOF10TABLETS,ED000010211
67,250,439,BENITOWA 4 TABLETS 15T,BENITOWA4,BENITOWA4,TABLETS15T,STRIPOF10TABLETS,ED000161218
68,250,440,BENITOWA 4 TABLETS 15T,BENITOWA4,BENITOWA4,TABLETS15T,STRIPOF15TABLETS,ED000161218
69,250,441,BENITOWA 4 TABLETS 15T,BENITOWA4,BENITOWA4,TABLETS15T,STRIPOF15TABLETS,ED000161218
70,251,442,BENITOWA 8 TABLETS 10T,BENITOWA8,BENITOWA8,TABLETS10T,STRIPOF10TABLETS,ED000010247
71,251,443,BENITOWA 8 TABLETS 10T,BENITOWA8,BENITOWA8,TABLETS10T,STRIPOF15TABLETS,ED000010247
72,255,446,BENITOWA CH TABLETS 10T,BENITOWACH,BENITOWACH,TABLETS10T,STRIPOF15TABLETS,ED000010251
73,255,452,BENITOWA CH TABLETS 10T,BENITOWACH,BENITOWACH,TABLETS10T,STRIPOF10TABLETS,ED000010251
74,252,453,BENITOWA AT TABLETS 10^S,BENITOWAAT,BENITOWATM,STRIPOF10TABLETS,STRIPOF10TABLETS,ED000010248
75,256,453,BENITOWA TM TABLETS 10^S,BENITOWATM,BENITOWATM,STRIPOF10TABLETS,STRIPOF10TABLETS,ED000010252
76,259,454,BENLONG 4 TABLETS 10T,BENLONG4,BENLONG4,TABLETS10T,STRIPOF10TABLETS,ED000010257
77,260,454,BENLONG 4 TABLETS 10^S,BENLONG4,BENLONG4,STRIPOF10TABLETS,STRIPOF10TABLETS,ED000010257
78,261,455,BENLONG 8 TABLETS 10T,BENLONG8,BENLONG8,TABLETS10T,STRIPOF10TABLETS,
79,262,455,BENLONG 8 TABLETS 10^S,BENLONG8,BENLONG8,STRIPOF10TABLETS,STRIPOF10TABLETS,ED000010258
80,264,457,BENMEC CAPSULES. 10S,BENMEC,BENMEC,CAPSULES.10S,STRIPOF10CAPSULES,ED000010259
81,281,500,BEPLEX FORTE TABLETS 20S,BEPLEXFORTE,BEPLEXFORTE,TABLETS20S,STRIPOF20TABLETS,ED000010366
82,285,505,BEPLEX LZ TABLETS 10^S,BEPLEXLZ,BEPLEXLZ,STRIPOF10TABLETS,STRIPOF15CAPSULES,ED000010368
83,285,506,BEPLEX LZ TABLETS 10^S,BEPLEXLZ,BEPLEXLZ,STRIPOF10TABLETS,STRIPOF15CAPSULES,ED000010368
84,285,510,BEPLEX LZ TABLETS 10^S,BEPLEXLZ,BEPLEXLZ,STRIPOF10TABLETS,STRIPOF10TABLETS,ED000010368
85,291,513,BEPOMAC  TABLETS 10.S,BEPOMAC,BEPOMAC,TABLETS10.S,STRIPOF10TABLETS,ED000010381
86,295,516,BEPOZAL TABLETS# 10S,BEPOZAL,BEPOZAL,TABLETS#10S,STRIPOF10TABLETS,ED000010383
87,296,516,BEPOZAL TABLETS 10^S,BEPOZAL,BEPOZAL,STRIPOF10TABLETS,STRIPOF10TABLETS,ED000010383
88,297,517,BEPOZIC TABLETS 10T,BEPOZIC,BEPOZIC,TABLETS10T,STRIPOF10TABLETS,ED000010384
89,298,523,BERBESHINE TABLETS 5% 10,BERBESHINE,BERBESHINE,TABLETS5%10,STRIPOF10TABLETS,ED000010394
90,299,523,BERBESHINE TABLETS 10^S,BERBESHINE,BERBESHINE,STRIPOF10TABLETS,STRIPOF10TABLETS,ED000010394
91,320,550,BESTACE CAPSULES 10^S,BESTACE,BESTACE,STRIPOF10CAPSULES,STRIPOF10CAPSULES,ED000110557
92,322,550,BESTACE Q TABLETS 10^S,BESTACEQ,BESTACE,STRIPOF10TABLETS,STRIPOF10CAPSULES,ED000110558
93,320,551,BESTACE CAPSULES 10^S,BESTACE,BESTACEQ,STRIPOF10CAPSULES,STRIPOF10CAPSULES,ED000110557
94,322,551,BESTACE Q TABLETS 10^S,BESTACEQ,BESTACEQ,STRIPOF10TABLETS,STRIPOF10CAPSULES,ED000110558
95,324,555,BESTFLOW D TABLETS 10T,BESTFLOWD,BESTFLOWD,TABLETS10T,STRIPOF10TABLETS,ED000010447
96,344,575,BETA ANXIT 20 TABLETS 10^S,BETAANXIT20,BETAANXIT20,STRIPOF10TABLETS,STRIPOF10TABLETS,ED000010548
97,367,594,BETACARD AM TABLETS 10^S,BETACARDAM,BETACARDAM,STRIPOF10TABLETS,STRIPOF10TABLETS,ED000010585
98,368,594,BETACARD AM TABLETS 15S,BETACARDAM,BETACARDAM,TABLETS15S,STRIPOF10TABLETS,ED000140773
99,367,595,BETACARD AM TABLETS 10^S,BETACARDAM,BETACARDAM,STRIPOF10TABLETS,STRIPOF10TABLETS,ED000010585
100,368,595,BETACARD AM TABLETS 15S,BETACARDAM,BETACARDAM,TABLETS15S,STRIPOF10TABLETS,ED000140773
101,367,596,BETACARD AM TABLETS 10^S,BETACARDAM,BETACARDAM,STRIPOF10TABLETS,STRIPOF15TABLETS,ED000010585
102,368,596,BETACARD AM TABLETS 15S,BETACARDAM,BETACARDAM,TABLETS15S,STRIPOF15TABLETS,ED000140773
103,369,606,BETADINE(10%)OINTMENT 20 GM,BETADINE(10%),BETADINE10%,OINTMENT20GM,TUBEOF20GOINTMENT,ED000151895
104,371,606,BETADINE(10%)OINTMENT 15GM,BETADINE(10%),BETADINE10%,OINTMENT15GM,TUBEOF20GOINTMENT,ED000010611
105,372,606,BETADINE(10%)OINTMENT 20GM,BETADINE(10%),BETADINE10%,OINTMENT20GM,TUBEOF20GOINTMENT,ED000151895
106,375,611,BETADINE(5%)OINTMENT 25GM,BETADINE(5%),BETADINE5%,OINTMENT25GM,PACKOF250GMOINTMENT,ED000010621
107,375,612,BETADINE(5%)OINTMENT 25GM,BETADINE(5%),BETADINE5%,OINTMENT25GM,TUBEOF125GOINTMENT,ED000010621
108,375,613,BETADINE(5%)OINTMENT 25GM,BETADINE(5%),BETADINE5%,OINTMENT25GM,TUBEOF25GOINTMENT,ED000010621
109,403,630,BETAGLIM M1 TABLETS 10^S,BETAGLIMM1,BETAGLIM1,STRIPOF10TABLETS,STRIPOF10TABLETS,ED000010668
110,407,648,BETALOC 100 TABLETS 10^S,BETALOC100,BETALOC100MG,STRIPOF10TABLETS,STRIPOF10TABLETS,ED000010684
111,412,651,BETALOC 50 TABLETS 30T,BETALOC50,BETALOC50,TABLETS30T,STRIPOF30TABLETS,ED000010686
112,413,651,BETALOC 50 TABLETS 1*30,BETALOC50,BETALOC50,TABLETS1*30,STRIPOF30TABLETS,ED000010686
113,350,662,BETA NICARDIA CAPSULES 10^S,BETANICARDIA,BETANICARDIA,STRIPOF10CAPSULES,STRIPOF10CAPSULES,ED000010557
114,429,674,BETATROP TABLETS 10S,BETATROP,BETATROP,STRIPOF10TABLETS,STRIPOF10TABLETS,ED000010773
115,432,676,BETAVERT 8 TABLETS 10^S,BETAVERT8,BETAVERT,STRIPOF10TABLETS,STRIPOF10TABLETS,ED000010776
116,430,677,BETAVERT 16 TABLETS 10^S,BETAVERT16,BETAVERT16,STRIPOF10TABLETS,STRIPOF10TABLETS,ED000010774
117,431,678,BETAVERT 24 TABLETS 10^S,BETAVERT24,BETAVERT24,STRIPOF10TABLETS,STRIPOF10TABLETS,ED000010775
118,431,679,BETAVERT 24 TABLETS 10^S,BETAVERT24,BETAVERTOD24,STRIPOF10TABLETS,STRIPOF10TABLETS,ED000010775
119,434,681,BETAVIT CAPSULES 10^S,BETAVIT,BETAVIT,STRIPOF10CAPSULES,STRIPOF10TABLETS,ED000010786
120,438,690,BETHADOXIN SG CAPSULES 10^S,BETHADOXINSG,BETHADOXINSG,STRIPOF10CAPSULES,STRIPOF10CAPSULES,ED000010804
121,447,700,BETNESOL TABLETS 20S,BETNESOL,BETNESOL,TABLETS20S,STRIPOF20TABLETS,ED000010816
122,443,701,BETNESOL FORTE TABLETS 20S,BETNESOLFORTE,BETNESOLFORTE,TABLETS20S,STRIPOF20TABLETS,ED000010819
123,473,736,BEVON CAPSULES 15C,BEVON,BEVON,CAPSULES15C,STRIPOF15CAPSULES,ED000010879
124,474,736,BEVON CAPSULES 1*15,BEVON,BEVON,CAPSULES1*15,STRIPOF15CAPSULES,ED000010879
125,475,737,BEVON CD CAPSULES 10^S,BEVONCD,BEVONCD,STRIPOF10CAPSULES,STRIPOF10CAPSULES,ED000010880
126,476,737,BEVON CD CAPSULES # 10S,BEVONCD,BEVONCD,CAPSULES#10S,STRIPOF10CAPSULES,ED000010880
127,485,741,BEXOL TABLETS # 10S,BEXOL,BEXOL,TABLETS#10S,STRIPOF10TABLETS,ED000010892
128,8,745,B FIT CD TABLETS 10^S,BFITCD,BFITCD,STRIPOF10TABLETS,STRIPOF10TABLETS,ED000009269
129,491,757,BGR 34 TABLETS 100^S,BGR34,BGR34,STRIPOF10TABLETS0,BOTTLEOF100TABLETS,ED000010914
130,504,774,BIDURET L TABLETS 10^S,BIDURETL,BIDURETL,STRIPOF10TABLETS,STRIPOF10TABLETS,ED000010992
131,504,775,BIDURET L TABLETS 10^S,BIDURETL,BIDURET,STRIPOF10TABLETS,STRIPOF10TABLETS,ED000010992
132,507,780,BIFILAC CAPSULES 10^S,BIFILAC,BIFILAC,STRIPOF10CAPSULES,STRIPOF10CAPSULES,ED000010996
133,508,780,BIFILAC CAPSULES 10,BIFILAC,BIFILAC,CAPSULES10,STRIPOF10CAPSULES,ED000010996
134,507,781,BIFILAC CAPSULES 10^S,BIFILAC,BIFILAC,STRIPOF10CAPSULES,STRIPOF10LOZENGES,ED000010996
135,510,783,BIFILAC GG CAPSULES 10^S,BIFILACGG,BIFILACGG,STRIPOF10CAPSULES,STRIPOF10CAPSULES,ED000115790
136,513,785,BIFILAC HP CAPSULES 10.S,BIFILACHP,BIFILACHP,CAPSULES10.S,STRIPOF10CAPSULES,ED000010998
137,514,785,BIFILAC HP CAPSULES 10^S,BIFILACHP,BIFILACHP,STRIPOF10CAPSULES,STRIPOF10CAPSULES,ED000010998
138,522,796,BIGBRO OD TABLETS 10^S,BIGBROOD,BIGBROOD,STRIPOF10TABLETS,STRIPOF10TABLETS,ED000011022
139,525,797,BIGCEF-250 TABLETS,BIGCEF250,BIGCEF250MG,TABLETS,STRIPOF10TABLETS,ED000011024
140,526,798,BIGCEF-500 TABLETS,BIGCEF500,BIGCEF500MG,TABLETS,STRIPOF10TABLETS,ED000011025
141,534,807,BIG-NAC-MR 4 TABLETS 10^S,BIGNACMR4,BIGNACMR4,STRIPOF10TABLETS,STRIPOF10TABLETS,ED000011040
142,543,809,BIGOMET 500 TABLETS 1*10,BIGOMET500,BIGOMET250,TABLETS1*10,STRIPOF10TABLETS,ED000011046
143,543,810,BIGOMET 500 TABLETS 1*10,BIGOMET500,BIGOMET850,TABLETS1*10,STRIPOF10TABLETS,ED000011046
144,543,813,BIGOMET 500 TABLETS 1*10,BIGOMET500,BIGOMETSR500,TABLETS1*10,STRIPOF10TABLETS,ED000011046
145,547,814,BIGPHYLIN-PLUS TABLETS 10^S,BIGPHYLINPLUS,BIGPHYLINPLUS,STRIPOF10TABLETS,STRIPOF10TABLETS,ED000110593
146,554,815,BIGSPAS-P TABLETS 10,BIGSPASP,BIGSPASP,TABLETS10,STRIPOF10TABLETS,ED000011058
147,557,817,BIGVIN -2500 INJECTION,BIGVIN2500,BIGVIN2500MG,INJECTION,VIALOF1INJECTION,ED000011061
148,564,826,BILACHEK M TABLETS 10T,BILACHEKM,BILACHEKM,TABLETS10T,STRIPOF10TABLETS,ED000154674
149,566,826,BILACHEK TABLETS 10T,BILACHEK,BILACHEKM,TABLETS10T,STRIPOF10TABLETS,ED000154673
150,568,827,BILAFAV M TABLETS 10S,BILAFAVM,BILAFAV,STRIPOF10TABLETS,STRIPOF10TABLETS,ED000156583
151,572,832,BILAGRA M TABLETS 10^S,BILAGRAM,BILAGRAM,STRIPOF10TABLETS,STRIPOF10TABLETS,ED000148328
152,573,841,BILALIFE M TABLETS 10S,BILALIFEM,BILALIFEM,STRIPOF10TABLETS,STRIPOF10TABLETS,ED000153192
153,574,841,BILALIFE TABLETS 10S,BILALIFE,BILALIFEM,STRIPOF10TABLETS,STRIPOF10TABLETS,ED000153697
154,577,853,BILANIX 20MG TABLETS 10^S,BILANIX20MG,BILANIX20MG,STRIPOF10TABLETS,STRIPOF10TABLETS,ED000116297
155,579,853,BILANIX 20MG TABLETS # 10S,BILANIX20MG,BILANIX20MG,TABLETS#10S,STRIPOF10TABLETS,ED000116297
156,580,855,BILANTA 20MG TABLETS 10^S,BILANTA20MG,BILANTA20MG,STRIPOF10TABLETS,STRIPOF10TABLETS,ED000130374
157,605,857,BILLARGIC M TABLETS 10S,BILLARGICM,BILARGICM,STRIPOF10TABLETS,STRIPOF10TABLETS,ED000149037
158,588,859,BILAST M TABLETS 10^S,BILASTM,BILASETM,STRIPOF10TABLETS,STRIPOF10TABLETS,ED000152285
159,590,869,BILASURE 20 TABLETS 10^S,BILASURE20,BILASURE20,STRIPOF10TABLETS,STRIPOF10TABLETS,ED000129901
160,591,872,BILASURE M TABLETS 10^S,BILASUREM,BILASUREM,STRIPOF10TABLETS,STRIPOF10TABLETS,ED000145944
161,597,878,BILAZEST M TABLETS,BILAZESTM,BILAZESTM,TABLETS,STRIPOF10TABLETS,ED000149035
162,599,881,BILBAY M TABLETS 1*10,BILBAYM,BILBAYM,TABLETS1*10,STRIPOF10TABLETS,
163,602,884,BILEFIX 300 TABLETS 14S,BILEFIX300,BILEFIX300MG,TABLETS14S,STRIPOF14TABLETS,ED000011082
164,603,885,BILEFIX 600 TABLETS 14S,BILEFIX600,BILEFIX600MG,TABLETS14S,STRIPOF14TABLETS,ED000011083
165,604,889,BILKRO M TABLETS 1*10,BILKROM,BILKROM,TABLETS1*10,STRIPOF10TABLETS,ED000159539
166,605,890,BILLARGIC M TABLETS 10S,BILLARGICM,BILLARGIC,STRIPOF10TABLETS,STRIPOF10TABLETS,ED000149037
167,605,892,BILLARGIC M TABLETS 10S,BILLARGICM,BILLARGICM,STRIPOF10TABLETS,STRIPOF10TABLETS,ED000149037
168,610,896,BILOVAS TABLETS 10T,BILOVAS,BILOVAS,TABLETS10T,STRIPOF10TABLETS,ED000011097
169,611,896,BILOVAS TABLETS # 10T,BILOVAS,BILOVAS,TABLETS#10T,STRIPOF10TABLETS,
170,646,930,BIOCART MSM TABLETS 10,BIOCARTMSM,BIOCARTMSM,TABLETS10,STRIPOF6TABLETS,ED000110606
171,648,938,BIOCLAR 250 TABLETS,BIOCLAR250,BIOCLAR250MG,TABLETS,STRIPOF10TABLETS,
172,648,939,BIOCLAR 250 TABLETS,BIOCLAR250,BIOCLAR250MG,TABLETS,STRIPOF10TABLETS,
173,649,940,BIOCLAR 500 TABLETS,BIOCLAR500,BIOCLAR500MG,TABLETS,STRIPOF10TABLETS,ED000011237
174,628,951,BIO D3 CAPSULES 10^S,BIOD3,BIOD3,STRIPOF10CAPSULES,STRIPOF10CAPSULES,ED000011141
175,630,953,BIO D3 FEM CAPSULES 10^S,BIOD3FEM,BIOD3FEM,STRIPOF10CAPSULES,STRIPOF10CAPSULES,ED000011143
176,630,954,BIO D3 FEM CAPSULES 10^S,BIOD3FEM,BIOD3FEM,STRIPOF10CAPSULES,STRIPOF15CAPSULES,ED000011143
177,635,957,BIO D3 PLUS CAPSULES 15T,BIOD3PLUS,BIOD3PLUS,CAPSULES15T,STRIPOF15CAPSULES,ED000011147
178,662,961,BIODENS TABLETS 10S,BIODENS,BIODENS,STRIPOF10TABLETS,STRIPOF10TABLETS,ED000110615
179,665,980,BIOFER XT TABLETS 10^S,BIOFERXT,BIOFERXT,STRIPOF10TABLETS,STRIPOF10TABLETS,ED000110617
180,665,981,BIOFER XT TABLETS 10^S,BIOFERXT,BIOFERXT,STRIPOF10TABLETS,STRIPOF10TABLETS,ED000110617
181,679,1014,BIOMELA TABLETS 1*10,BIOMELA,BIOMELA,TABLETS1*10,STRIPOF10TABLETS,
182,683,1041,BIOPREG F TABLETS 10^S,BIOPREGF,BIOPREGF,STRIPOF10TABLETS,STRIPOF10TABLETS,ED000011471
183,690,1054,BIOSIL CAPSULES 10^S,BIOSIL,BIOSIL,STRIPOF10CAPSULES,STRIPOF10CAPSULES,ED000011526
184,696,1063,BIOSTAR GOLD # CAPSULES 10^S,BIOSTARGOLD#,BIOSTARGOLD,STRIPOF10CAPSULES,BLISTERPACKOF10CAPSULES,ED000011546
185,697,1063,BIOSTAR GOLD CAPSULES 10^S,BIOSTARGOLD,BIOSTARGOLD,STRIPOF10CAPSULES,BLISTERPACKOF10CAPSULES,ED000011546
186,696,1064,BIOSTAR GOLD # CAPSULES 10^S,BIOSTARGOLD#,BIOSTARGOLD,STRIPOF10CAPSULES,STRIPOF10CAPSULES,ED000011546
187,697,1064,BIOSTAR GOLD CAPSULES 10^S,BIOSTARGOLD,BIOSTARGOLD,STRIPOF10CAPSULES,STRIPOF10CAPSULES,ED000011546
188,698,1066,BIOSUGANRIL 10 TABLETS 10S,BIOSUGANRIL10,BIOSUGANRIL10,STRIPOF10TABLETS,STRIPOF10TABLETS,ED000011551
189,699,1066,BIOSUGANRIL 20 TABLETS 10S,BIOSUGANRIL20,BIOSUGANRIL10,STRIPOF10TABLETS,STRIPOF10TABLETS,ED000011552
190,701,1073,BIOTEE FORTE TABLETS 10^S,BIOTEEFORTE,BIOTEEFORTE,STRIPOF10TABLETS,STRIPOF10TABLETS,ED000011574
191,700,1074,BIOTEE 10  TABLETS 10^S,BIOTEE10,BIOTEE10,STRIPOF10TABLETS,STRIPOF10TABLETS,ED000011573
192,702,1075,BIOTEE PLUS TABLETS 10^S,BIOTEEPLUS,BIOTEEPLUS,STRIPOF10TABLETS,STRIPOF10TABLETS,ED000011575
193,717,1117,BISELECT-5 TABLETS 10^T,BISELECT5,BISELECT2.5,TABLETS10^T,STRIPOF10TABLETS,ED000011670
194,717,1118,BISELECT-5 TABLETS 10^T,BISELECT5,BISELECT5,TABLETS10^T,STRIPOF10TABLETS,ED000011670
195,720,1129,BISOHEART-AM 2.5 TABLETS 1*10,BISOHEARTAM2.5,BISOHEARTAM2.5MG,TABLETS1*10,STRIPOF10TABLETS,ED000011678
196,718,1130,BISOHEART-2.5 TABLETS 1*10,BISOHEART2.5,BISOHEART2.5,TABLETS1*10,STRIPOF10TABLETS,ED000011676
197,719,1130,BISOHEART-5 TABLETS 1*10,BISOHEART5,BISOHEART2.5,TABLETS1*10,STRIPOF10TABLETS,ED000011677
198,720,1130,BISOHEART-AM 2.5 TABLETS 1*10,BISOHEARTAM2.5,BISOHEART2.5,TABLETS1*10,STRIPOF10TABLETS,ED000011678
199,718,1131,BISOHEART-2.5 TABLETS 1*10,BISOHEART2.5,BISOHEART5,TABLETS1*10,STRIPOF10TABLETS,ED000011676
200,719,1131,BISOHEART-5 TABLETS 1*10,BISOHEART5,BISOHEART5,TABLETS1*10,STRIPOF10TABLETS,ED000011677
201,721,1131,BISOHEART-AM 5 TABLETS 1*10,BISOHEARTAM5,BISOHEART5,TABLETS1*10,STRIPOF10TABLETS,ED000011679
202,719,1132,BISOHEART-5 TABLETS 1*10,BISOHEART5,BISOHEARTAM5,TABLETS1*10,STRIPOF10TABLETS,ED000011677
203,720,1132,BISOHEART-AM 2.5 TABLETS 1*10,BISOHEARTAM2.5,BISOHEARTAM5,TABLETS1*10,STRIPOF10TABLETS,ED000011678
204,721,1132,BISOHEART-AM 5 TABLETS 1*10,BISOHEARTAM5,BISOHEARTAM5,TABLETS1*10,STRIPOF10TABLETS,ED000011679
205,726,1136,BISONEXT 5 TABLETS 10^S,BISONEXT5,BISONEXT2.5,STRIPOF10TABLETS,STRIPOF15TABLETS,ED000168601
206,726,1137,BISONEXT 5 TABLETS 10^S,BISONEXT5,BISONEXT5,STRIPOF10TABLETS,STRIPOF15TABLETS,ED000168601
207,726,1139,BISONEXT 5 TABLETS 10^S,BISONEXT5,BISONEXTAM5,STRIPOF10TABLETS,STRIPOF15TABLETS,ED000168601
208,729,1141,BISOSAFE 2.5 TABLETS 10^S,BISOSAFE2.5,BISOSAFE2.5MG,STRIPOF10TABLETS,STRIPOF10TABLETS,ED000110648
209,730,1142,BISOSAFE 5 TABLETS 10^S,BISOSAFE5,BISOSAFE5MG,STRIPOF10TABLETS,STRIPOF10TABLETS,
210,739,1155,BIZFER XT TABLETS 10^S,BIZFERXT,BIZFERXT,STRIPOF10TABLETS,STRIPOF10TABLETS,ED000011742
211,756,1166,BLADMIR S 50 TABLETS 10S,BLADMIRS50,BLADMIR50,STRIPOF10TABLETS,STRIPOF10TABLETS,ED000141301
212,755,1167,BLADMIR S 25 TABLETS 10S,BLADMIRS25,BLADMIRS50,STRIPOF10TABLETS,STRIPOF1COMBIKITTABLETS,ED000141300
213,756,1167,BLADMIR S 50 TABLETS 10S,BLADMIRS50,BLADMIRS50,STRIPOF10TABLETS,STRIPOF1COMBIKITTABLETS,ED000141301
214,755,1168,BLADMIR S 25 TABLETS 10S,BLADMIRS25,BLADMIR25,STRIPOF10TABLETS,STRIPOF10TABLETS,ED000141300
215,755,1170,BLADMIR S 25 TABLETS 10S,BLADMIRS25,BLADMIRS50,STRIPOF10TABLETS,STRIPOF10TABLETS,ED000141300
216,756,1170,BLADMIR S 50 TABLETS 10S,BLADMIRS50,BLADMIRS50,STRIPOF10TABLETS,STRIPOF10TABLETS,ED000141301
217,589,1172,BILAST TABLETS 10S,BILAST,BLAST,STRIPOF10TABLETS,STRIPOF10TABLETS,ED000140992
218,763,1177,BLIEU SOFT GEL CAPSULES 10^S,BLIEUSOFTGEL,BLIEUSOFTGEL,STRIPOF10CAPSULES,STRIPOF10CAPSULES,ED000011772
219,775,1181,BLISTO 2 TABLETS 10^S,BLISTO2,BLISTO2,STRIPOF10TABLETS,STRIPOF10TABLETS,ED000011785
220,778,1182,BLISTO 4 TABLETS 10^S,BLISTO4,BLISTO4,STRIPOF10TABLETS,STRIPOF10TABLETS,ED000011786
221,772,1185,BLISTO 1 TABLETS 10^S,BLISTO1,BLISTO1,STRIPOF10TABLETS,STRIPOF10TABLETS,ED000011784
222,770,1186,BLISTO 1 MF TABLETS 10^S,BLISTO1MF,BLISTO1MF,STRIPOF10TABLETS,STRIPOF10TABLETS,ED000011787
223,771,1186,BLISTO 1 MF TABLETS 10^S,BLISTO1MF,BLISTO1MF,STRIPOF10TABLETS,STRIPOF10TABLETS,ED000011787
224,773,1187,BLISTO 2 MF TABLETS 10^S,BLISTO2MF,BLISTO2MF,STRIPOF10TABLETS,STRIPOF10TABLETS,ED000011788
225,774,1187,BLISTO 2 MF TABLETS 10^S,BLISTO2MF,BLISTO2MF,STRIPOF10TABLETS,STRIPOF10TABLETS,ED000011788
226,776,1188,BLISTO 4 MF TABLETS 10^S,BLISTO4MF,BLISTO4MF,STRIPOF10TABLETS,STRIPOF10TABLETS,ED000011790
227,777,1188,BLISTO 4 MF TABLETS 10^S,BLISTO4MF,BLISTO4MF,STRIPOF10TABLETS,STRIPOF10TABLETS,ED000011790
228,792,1209,BLUDROX 250 DT TABLETS 10TABLETS,BLUDROX250DT,BLUDROX250DT,TABLETS,STRIPOF10TABLETS,ED000011836
229,793,1210,BLUDROX 500 TABLETS 10TABLETS,BLUDROX500,BLUDROX500MG,TABLETS,STRIPOF10TABLETS,ED000011837
230,797,1215,BLUMOX 250 DT TABLETS 15TABLETS,BLUMOX250DT,BLUMOX250DT,TABLETS,STRIPOF15TABLETS,ED000011858
231,799,1217,BLUMOX CA 375MG 10TABLETS,BLUMOXCA375MG10,BLUMOXCA375MG,TABLETS,STRIPOF10TABLETS,ED000011864
232,800,1218,BLUMOX CA 625MG 10TABLETS,BLUMOXCA625MG10,BLUMOXCA625MG,TABLETS,STRIPOF10TABLETS,ED000011865
233,800,1219,BLUMOX CA 625MG 10TABLETS,BLUMOXCA625MG10,BLUMOXCA625MG,TABLETS,STRIPOF6TABLETS,ED000011865
234,806,1223,BLUMOX PLUS TABLETS 10S,BLUMOXPLUS,BLUMOXPLUS,STRIPOF10TABLETS,STRIPOF10CAPSULES,ED000011875
235,806,1224,BLUMOX PLUS TABLETS 10S,BLUMOXPLUS,BLUMOXPLUS,STRIPOF10TABLETS,STRIPOF15CAPSULES,ED000011875
236,827,1246,BON K2 HD TABLETS 10^S,BONK2HD,BONK2HD,STRIPOF10TABLETS,STRIPOF10TABLETS,ED000011939
237,828,1246,BON K2 HD TABLETS 10S,BONK2HD,BONK2HD,STRIPOF10TABLETS,STRIPOF10TABLETS,ED000011939
238,835,1256,BONE C PLUS CAPSULES,BONECPLUS,BONECPLUS,CAPSULES,STRIPOF15CAPSULES,ED000011957
239,829,1258,BON K2 TABLETS 10T,BONK2,BONEK2,TABLETS10T,STRIPOF10TABLETS,ED000011938
240,830,1258,BON K2 TABLETS 10TABLETS,BONK2,BONEK2,TABLETS,STRIPOF10TABLETS,ED000011938
241,845,1259,BONEBASE TABLETS 10^S,BONEBASE,BONEBASE,STRIPOF10TABLETS,STRIPOF10CAPSULES,ED000011963
242,845,1260,BONEBASE TABLETS 10^S,BONEBASE,BONEBASE,STRIPOF10TABLETS,STRIPOF10CAPSULES,ED000011963
243,835,1267,BONE C PLUS CAPSULES,BONECPLUS,BONECPLUS,CAPSULES,STRIPOF15CAPSULES,ED000011957
244,849,1287,BONFAST CAPSULES 10^S,BONFAST,BONFAST,STRIPOF10CAPSULES,STRIPOF10CAPSULES,ED000011986
245,852,1289,BONHEAL 750 TABLETS 10^S,BONHEAL750,BONHEAL750,STRIPOF10TABLETS,STRIPOF10CAPSULES,ED000011994
246,829,1302,BON K2 TABLETS 10T,BONK2,BONK2,TABLETS10T,STRIPOF10TABLETS,ED000011938
247,830,1302,BON K2 TABLETS 10TABLETS,BONK2,BONK2,TABLETS,STRIPOF10TABLETS,ED000011938
248,861,1305,BONMAX D3 CAPSULES 4 CAPSULES,BONMAXD3,BONMAXD3,CAPSULES,STRIPOF4CAPSULES,ED000012025
249,882,1349,BOSENTAS 125 10TABLETS,BOSENTAS12510,BOSENTAS125,TABLETS,STRIPOF10TABLETS,ED000012135
250,882,1350,BOSENTAS 125 10TABLETS,BOSENTAS12510,BOSENTAS125,TABLETS,STRIPOF10TABLETS,ED000012135
251,883,1351,BOSENTAS 62.5 10TABLETS,BOSENTAS62.510,BOSENTAS62.5,TABLETS,STRIPOF10TABLETS,ED000012136
252,893,1359,BOTROPASE INJECTION,BOTROPASE,BOTROPASE,INJECTION,AMPOULEOF1MLINJECTION,ED000012156
253,894,1359,BOTROPASE INJECTION,BOTROPASE,BOTROPASE,INJECTION,AMPOULEOF1MLINJECTION,ED000012155
254,893,1360,BOTROPASE INJECTION,BOTROPASE,BOTROPASE,INJECTION,AMPOULEOF5X1MLINJECTION,ED000012156
255,894,1360,BOTROPASE INJECTION,BOTROPASE,BOTROPASE,INJECTION,AMPOULEOF5X1MLINJECTION,ED000012155
256,893,1361,BOTROPASE INJECTION,BOTROPASE,BOTROPASE,INJECTION,AMPULEOF2MLINJECTION,ED000012156
257,894,1361,BOTROPASE INJECTION,BOTROPASE,BOTROPASE,INJECTION,AMPULEOF2MLINJECTION,ED000012155
258,919,1401,BRAKKE TABLETS 10^S,BRAKKE,BRAKKE,STRIPOF10TABLETS,STRIPOF10TABLETS,ED000012233
259,920,1402,BRAVIA 20 TABLETS 10^S,BRAVIA20,BRAVIA20,STRIPOF10TABLETS,STRIPOF10TABLETS,ED000012236
260,921,1403,BRAVIA D TABLETS 10^S,BRAVIAD,BRAVIAD,STRIPOF10TABLETS,STRIPOF10TABLETS,ED000012237
261,922,1404,BRAVIA DSR CAPSULES 10^S,BRAVIADSR,BRAVIADSR,STRIPOF10CAPSULES,STRIPOF10CAPSULES,ED000012238
262,924,1405,BRAVIA LS CAPSULES 1*10,BRAVIALS,BRAVIALS,CAPSULES1*10,STRIPOF10CAPSULES,ED000012240
263,923,1406,BRAVIA IT CAPSULES 10^S,BRAVIAIT,BRAVIAIT,STRIPOF10CAPSULES,STRIPOF10CAPSULES,ED000012239
264,936,1419,BRESOL TABLETS-3004 60 TABLETS,BRESOL,BRESOL,TABLETS,BOTTLEOF60TABLETS,ED000012284
265,956,1446,BRIGREL TABLETS 10S,BRIGREL,BRIGREL,STRIPOF10TABLETS,STRIPOF10TABLETS,ED000140995
266,957,1446,BRIGREL TABLETS 10^S,BRIGREL,BRIGREL,STRIPOF10TABLETS,STRIPOF10TABLETS,ED000140995
267,973,1477,BRINTELLIX 10MG TABLETS,BRINTELLIX10MG,BRINTELLIX10MG,TABLETS,STRIPOF10TABLETS,ED000110691
268,974,1477,BRINTELLIX 20MG TABLETS,BRINTELLIX20MG,BRINTELLIX10MG,TABLETS,STRIPOF10TABLETS,ED000119193
269,973,1478,BRINTELLIX 10MG TABLETS,BRINTELLIX10MG,BRINTELLIX20MG,TABLETS,STRIPOF10TABLETS,ED000110691
270,974,1478,BRINTELLIX 20MG TABLETS,BRINTELLIX20MG,BRINTELLIX20MG,TABLETS,STRIPOF10TABLETS,ED000119193
271,975,1479,BRINTELLIX 5MG TABLETS,BRINTELLIX5MG,BRINTELLIX5MG,TABLETS,STRIPOF10TABLETS,ED000110692
272,1025,1569,BRIVETOIN 100 TABLETS 10^S,BRIVETOIN100,BRIVETOIN100,STRIPOF10TABLETS,STRIPOF10TABLETS,ED000156897
273,1026,1570,BRIVETOIN 50 TABLETS 10^S,BRIVETOIN50,BRIVETOIN25,STRIPOF10TABLETS,STRIPOF10TABLETS,ED000156899
274,1026,1571,BRIVETOIN 50 TABLETS 10^S,BRIVETOIN50,BRIVETOIN50,STRIPOF10TABLETS,STRIPOF10TABLETS,ED000156899
275,1026,1572,BRIVETOIN 50 TABLETS 10^S,BRIVETOIN50,BRIVETOIN75,STRIPOF10TABLETS,STRIPOF10TABLETS,ED000156899
276,1029,1576,BRIVGARD 50MG TABLETS 10S,BRIVGARD50MG,BRIVGARD50,STRIPOF10TABLETS,STRIPOF10TABLETS,ED000157182
277,1030,1578,BRIVIACT 100 MG TABLETS 14S,BRIVIACT100MG,BRIVIACT100MG,TABLETS14S,STRIPOF14TABLETS,ED000117238
278,1031,1579,BRIVIACT 50 MG TABLETS 14S,BRIVIACT50MG,BRIVIACT50MG,TABLETS14S,STRIPOF14TABLETS,ED000110697
279,1032,1579,BRIVIACT 75 MG TABLETS 14S,BRIVIACT75MG,BRIVIACT50MG,TABLETS14S,STRIPOF14TABLETS,ED000147031
280,1031,1580,BRIVIACT 50 MG TABLETS 14S,BRIVIACT50MG,BRIVIACT75MG,TABLETS14S,STRIPOF14TABLETS,ED000110697
281,1032,1580,BRIVIACT 75 MG TABLETS 14S,BRIVIACT75MG,BRIVIACT75MG,TABLETS14S,STRIPOF14TABLETS,ED000147031
282,1036,1590,BROCLEAR TABLETS 10^S,BROCLEAR,BROCLEAR,STRIPOF10TABLETS,STRIPOF10TABLETS,ED000012459
283,1037,1590,BROCLEAR TABLETS 10^S,BROCLEAR,BROCLEAR,STRIPOF10TABLETS,STRIPOF10TABLETS,ED000012459
284,1054,1618,BROPHYLE N TABLETS 10T,BROPHYLEN,BROPHYLEN,TABLETS10T,STRIPOF10TABLETS,ED000140566
285,1055,1618,BROPHYLE N TABLETS # 10S,BROPHYLEN,BROPHYLEN,TABLETS#10S,STRIPOF10TABLETS,ED000140566
286,1091,1669,BTN TABLETS 10^S,BTN,BTN,STRIPOF10TABLETS,STRIPOF10TABLETS,ED000012738
287,1090,1670,BTN FORTE TABLETS 10^S,BTNFORTE,BTNFORTE,STRIPOF10TABLETS,STRIPOF10TABLETS,ED000012735
288,1107,1685,BUDAMATE FORTE CAPSULES 30C,BUDAMATEFORTE,BUDAMATEFORTE,CAPSULES30C,BOTTLEOF30CAPSULES,ED000012759
289,1153,1740,BUPRON XL 150 TABLETS 10^S,BUPRONXL150,BUPRONXL150,STRIPOF10TABLETS,STRIPOF10TABLETS,ED000012847
290,1161,1755,BUSCOGAST TABLETS 10^S,BUSCOGAST,BUSCOGAST,STRIPOF10TABLETS,STRIPOF10TABLETS,ED000012888
291,1167,1765,BUTAPROXYVON SP 10 TABLETS,BUTAPROXYVONSP10,BUTAPROXYVONSP,TABLETS,STRIPOF10TABLETS,
292,1169,1772,BUXORIC 40 TABLETS 10S,BUXORIC40,BUXORIC40,STRIPOF10TABLETS,STRIPOF10TABLETS,ED000012932
293,1170,1773,BUXORIC 80 TABLETS 10S,BUXORIC80,BUXORIC80,STRIPOF10TABLETS,STRIPOF10TABLETS,ED000012933
