,,Product_Desc,First_part,First_Part_2,Type,Type_2,ED_MDM_Product_Code
0,0,B 29 AQ INJECTION 1ML,B29AQ,B29AQ,INJECTION1ML,VIALOF1MLINJECTION,ED000009210
1,1,B 29 DAILY TABLETS 10^S,B29DAILY,B29DAILY,STRIPOF10TABLETS,STRIPOF10TABLETS,ED000009211
2,1,B 29 DAILY TABLETS 15^S,B29DAILY,B29DAILY,TABLETSStripof15,STRIPOF10TABLETS,ED000159822
126,6,B-BACT OINTMENT 10GM,BBACT,BBACT,OINTMENT10GM,TUBEOF15GOINTMENT,ED000009334
127,6,B-BACT OINTMENT 5GM,BBACT,BBACT,OINTMENT5GM,TUBEOF15GOINTMENT,ED000009335
128,6,B-BACT OINTMENT 15GM,BBACT,BBACT,OINTMENT15GM,TUBEOF15GOINTMENT,ED000142067
126,7,B-BACT OINTMENT 10GM,BBACT,BBACT,OINTMENT10GM,TUBEOF5GMOINTMENT,ED000009334
127,7,B-BACT OINTMENT 5GM,BBACT,BBACT,OINTMENT5GM,TUBEOF5GMOINTMENT,ED000009335
128,7,B-BACT OINTMENT 15GM,BBACT,BBACT,OINTMENT15GM,TUBEOF5GMOINTMENT,ED000142067
6,27,B 29 SYRUP 200ML,B29,B29,SYRUP200ML,BOTTLEOF200MLLIQUID,ED000009219
7,27,B 29 TABLETS (NEW) 10^S,B29,B29,TABLETS(NEW)Stripof10,BOTTLEOF200MLLIQUID,ED000009220
6,28,B 29 SYRUP 200ML,B29,B29,SYRUP200ML,STRIPOF10TABLETS,ED000009219
7,28,B 29 TABLETS (NEW) 10^S,B29,B29,TABLETS(NEW)Stripof10,STRIPOF10TABLETS,ED000009220
1,31,B 29 DAILY TABLETS 10^S,B29DAILY,B29DAILY,STRIPOF10TABLETS,STRIPOF15TABLETS,ED000009211
2,31,B 29 DAILY TABLETS 15^S,B29DAILY,B29DAILY,TABLETSStripof15,STRIPOF15TABLETS,ED000159822
3,32,B 29 GOLD TABLETS 10 .S,B29GOLD,B29GOLD,TABLETS10.S,STRIPOF10TABLETS,ED000009215
4,34,B 29 LC TABLETS 10^S,B29LC,B29LC,STRIPOF10TABLETS,STRIPOF10TABLETS,ED000009218
5,35,B 29 MAX CAPSULES 10^S,B29MAX,B29MAX,STRIPOF10CAPSULES,STRIPOF10CAPSULES,ED000157872
16,36,B4 NAPPI CREAM 75GM,B4NAPPI,B4NAPPI,CREAM75GM,TUBEOF75GMSCREAM,ED000009361
39,74,BACSTOL 200 TABLETS 10^S,BACSTOL200,BACSTOL100,STRIPOF10TABLETS,STRIPOF10TABLETS,ED000009490
40,74,BACSTOL 100 TABLETS 10^S,BACSTOL100,BACSTOL100,STRIPOF10TABLETS,STRIPOF10TABLETS,ED000009492
39,75,BACSTOL 200 TABLETS 10^S,BACSTOL200,BACSTOL200,STRIPOF10TABLETS,STRIPOF10TABLETS,ED000009490
40,75,BACSTOL 100 TABLETS 10^S,BACSTOL100,BACSTOL200,STRIPOF10TABLETS,STRIPOF10TABLETS,ED000009492
48,82,BACTIV CAPSULES 10^S,BACTIV,BACTIV,STRIPOF10CAPSULES,BOTTLEOF10CAPSULES,ED000009539
48,83,BACTIV CAPSULES 10^S,BACTIV,BACTIVE,STRIPOF10CAPSULES,BOTTLEOF100MLLIQUID,ED000009539
48,85,BACTIV CAPSULES 10^S,BACTIV,BACTIVE,STRIPOF10CAPSULES,STRIPOF15TABLETS,ED000009539
52,87,BACTOCLAV DROPS 12% 10ML,BACTOCLAV,BACTOCLAV,DROPS12%10ML,BOTTLEOF10MLDROPS,ED000009557
54,87,BACTOCLAV DT TABLETS 10^S,BACTOCLAVDT,BACTOCLAV,STRIPOF10TABLETS,BOTTLEOF10MLDROPS,ED000009549
52,88,BACTOCLAV DROPS 12% 10ML,BACTOCLAV,BACTOCLAV,DROPS12%10ML,BOTTLEOF30MLSUSPENSION,ED000009557
54,88,BACTOCLAV DT TABLETS 10^S,BACTOCLAVDT,BACTOCLAV,STRIPOF10TABLETS,BOTTLEOF30MLSUSPENSION,ED000009549
52,89,BACTOCLAV DROPS 12% 10ML,BACTOCLAV,BACTOCLAV,DROPS12%10ML,VIALOF1.2GMINJECTION,ED000009557
54,89,BACTOCLAV DT TABLETS 10^S,BACTOCLAVDT,BACTOCLAV,STRIPOF10TABLETS,VIALOF1.2GMINJECTION,ED000009549
56,90,BACTOCLAV1000 TABLETS 4S,BACTOCLAV1000,BACTOCLAV1000,TABLETS4S,STRIPOF4TABLETS,ED000009558
49,92,BACTOCLAV 375 TABLETS 10^S,BACTOCLAV375,BACTOCLAV375,STRIPOF10TABLETS,STRIPOF10TABLETS,ED000009551
52,95,BACTOCLAV DROPS 12% 10ML,BACTOCLAV,BACTOCLAVDT,DROPS12%10ML,STRIPOF10TABLETS,ED000009557
54,95,BACTOCLAV DT TABLETS 10^S,BACTOCLAVDT,BACTOCLAVDT,STRIPOF10TABLETS,STRIPOF10TABLETS,ED000009549
51,96,BACTOCLAV 625 TABLETS 10^S,BACTOCLAV625,BACTOCLAV625,STRIPOF10TABLETS,STRIPOF10TABLETS,ED000009555
57,97,BACTOGARD 200 TABLETS 10S,BACTOGARD200,BACTOGARD100,STRIPOF10TABLETS,BOTTLEOF15G/30MLSYRUPPOWDER,ED000009569
57,99,BACTOGARD 200 TABLETS 10S,BACTOGARD200,BACTOGARD200,STRIPOF10TABLETS,STRIPOF10TABLETS,ED000009569
59,99,BACTOGARD CV 200 TABLETS 10S,BACTOGARDCV200,BACTOGARD200,STRIPOF10TABLETS,STRIPOF10TABLETS,ED000009573
61,105,BACTOMIN 375 MG TABLETS 1*10T,BACTOMIN375MG,BACTOMIN375,TABLETS1*10T,STRIPOF10TABLETS,ED000009578
62,106,BACTOMIN 750 MG TABLETS 1*6T,BACTOMIN750MG,BACTOMIN750,TABLETS1*6T,STRIPOF6TABLETS,ED000009579
79,128,BALVIBE TABLETS,BALVIBE,BALVIBE,TABLETS,BLISTERPACKOF10CAPSULES,ED000009659
81,131,BANATAN CREAM 50GM,BANATAN,BANATAN,CREAM50GM,TUBEOF25GMCREAM,ED000009681
81,132,BANATAN CREAM 50GM,BANATAN,BANATAN,CREAM50GM,TUBEOF50GMCREAM,ED000009681
94,135,BANDY TABLETS 1^S,BANDY,BANDY,TABLETSStripof1,BOTTLEOF10MLSUSPENSION,ED000009687
94,136,BANDY TABLETS 1^S,BANDY,BANDY,TABLETSStripof1,STRIPOF1TABLET,ED000009687
94,137,BANDY TABLETS 1^S,BANDY,BANDY,TABLETSStripof1,STRIPOF10TABLETS,ED000009687
90,138,BANDY PLUS 12 TABLETS 1^S,BANDYPLUS12,BANDYPLUS,TABLETSStripof1,BOTTLEOF10MLSUSPENSION,ED000009689
92,138,BANDY PLUS TABLETS 1^S,BANDYPLUS,BANDYPLUS,TABLETSStripof1,BOTTLEOF10MLSUSPENSION,ED000009690
90,139,BANDY PLUS 12 TABLETS 1^S,BANDYPLUS12,BANDYPLUS,TABLETSStripof1,STRIPOF1TABLET,ED000009689
92,139,BANDY PLUS TABLETS 1^S,BANDYPLUS,BANDYPLUS,TABLETSStripof1,STRIPOF1TABLET,ED000009690
90,140,BANDY PLUS 12 TABLETS 1^S,BANDYPLUS12,BANDYPLUS,TABLETSStripof1,STRIPOF10TABLETS,ED000009689
92,140,BANDY PLUS TABLETS 1^S,BANDYPLUS,BANDYPLUS,TABLETSStripof1,STRIPOF10TABLETS,ED000009690
90,141,BANDY PLUS 12 TABLETS 1^S,BANDYPLUS12,BANDYPLUS12MG,TABLETSStripof1,STRIPOF1TABLETS,ED000009689
90,142,BANDY PLUS 12 TABLETS 1^S,BANDYPLUS12,BANDYPLUS12MG,TABLETSStripof1,STRIPOF10TABLET,ED000009689
97,146,BANOCIDE TABLETS 10TABLETS,BANOCIDE,BANOCIDE,TABLETS,BOTTLEOF100MLSYRUP,ED000009700
97,147,BANOCIDE TABLETS 10TABLETS,BANOCIDE,BANOCIDE,TABLETS,STRIPOF20TABLETS,ED000009700
96,150,BANOCIDE FORTE 30S,BANOCIDEFORTE30S,BANOCIDEFORTE,,STRIPOF30TABLETS,ED000009703
99,153,BANOFLAM FORTE 10S,BANOFLAMFORTE10S,BANOFLAMFORTE,,STRIPOF10TABLETS,ED000144236
101,156,BARIKIND 4 TABLETS 14T,BARIKIND4,BARIKIND4,TABLETS14T,STRIPOF14TABLETS,ED000158266
114,185,BASITON FORTE NEW 15S,BASITONFORTENEW15S,BASITONFORTENEW,,STRIPOF15TABLETS,ED000131928
119,192,BAYACE 100MG CAPSULES 10^S,BAYACE100MG,BAYACE100MG,STRIPOF10CAPSULES,STRIPOF10CAPSULES,ED000009819
120,193,BAYCIP 250 TABLETS 10^S,BAYCIP250,BAYCIP250MG,STRIPOF10TABLETS,STRIPOF10TABLETS,ED000009821
121,194,BAYCIP 500 TABLETS 10^S,BAYCIP500,BAYCIP500,STRIPOF10TABLETS,STRIPOF10TABLETS,ED000009822
122,195,BAYCIP TZ TABLETS 10^S,BAYCIPTZ,BAYCIPTZ,STRIPOF10TABLETS,STRIPOF10TABLETS,ED000009824
126,199,B-BACT OINTMENT 10GM,BBACT,BBACT,OINTMENT10GM,TUBEOF10GMSOINTMENT,ED000009334
127,199,B-BACT OINTMENT 5GM,BBACT,BBACT,OINTMENT5GM,TUBEOF10GMSOINTMENT,ED000009335
128,199,B-BACT OINTMENT 15GM,BBACT,BBACT,OINTMENT15GM,TUBEOF10GMSOINTMENT,ED000142067
146,234,BDIFF A GEL. 15GM,BDIFFA,BDIFFA,GEL.15GM,TUBEOF15GMGEL,ED000009853
151,241,BECADEXAMIN CAPSULES# 30^S,BECADEXAMIN,BECADEXAMIN,CAPSULES#Stripof30,BOTTLEOF30CAPSULES,ED000009872
152,241,BECADEXAMIN CAPSULES 30S,BECADEXAMIN,BECADEXAMIN,CAPSULES30S,BOTTLEOF30CAPSULES,ED000009872
153,242,BECELAC FORTZ CAPSULES 15^S,BECELACFORTZ,BECELACFORTE,CAPSULESStripof15,STRIPOF10CAPSULES,ED000009885
153,243,BECELAC FORTZ CAPSULES 15^S,BECELACFORTZ,BECELACFORTZ,CAPSULESStripof15,STRIPOF15CAPSULES,ED000009885
154,244,BECELAC PB CAPSULES 10^S,BECELACPB,BECELACPB,STRIPOF10CAPSULES,STRIPOF10CAPSULES,ED000009886
161,259,BECOMAX C FORTE CAPSULES 15S,BECOMAXCFORTE,BECOMAXCFORTE,CAPSULES15S,STRIPOF15TABLETS,ED000110505
161,260,BECOMAX C FORTE CAPSULES 15S,BECOMAXCFORTE,BECOMAXCFORTE,CAPSULES15S,STRIPOF15TABLETS,ED000110505
164,266,BECOSULES CAPSULES 20^S,BECOSULES,BECOSULES,CAPSULESStripof20,BOTTLEOF120MLSYRUP,ED000009979
170,266,BECOSULES Z CAPSULES 20,BECOSULESZ,BECOSULES,CAPSULES20,BOTTLEOF120MLSYRUP,ED000009987
164,267,BECOSULES CAPSULES 20^S,BECOSULES,BECOSULES,CAPSULESStripof20,STRIPOF20CAPSULES,ED000009979
170,267,BECOSULES Z CAPSULES 20,BECOSULESZ,BECOSULES,CAPSULES20,STRIPOF20CAPSULES,ED000009987
165,271,BECOSULES WOMEN CAPSULES 25^S,BECOSULESWOMEN,BECOSULESWOMEN,CAPSULESStripof25,STRIPOF15CAPSULES,ED000009981
164,272,BECOSULES CAPSULES 20^S,BECOSULES,BECOSULESZ,CAPSULESStripof20,STRIPOF20CAPSULES,ED000009979
170,272,BECOSULES Z CAPSULES 20,BECOSULESZ,BECOSULESZ,CAPSULES20,STRIPOF20CAPSULES,ED000009987
172,278,BECOZINC CAPSULES 20^S,BECOZINC,BECOZINC,CAPSULESStripof20,STRIPOF15CAPSULES,ED000010001
173,278,BECOZINC CAPSULES 30^S,BECOZINC,BECOZINC,CAPSULESStripof30,STRIPOF15CAPSULES,ED000010002
174,278,BECOZINC G CAPSULES 10^S,BECOZINCG,BECOZINC,STRIPOF10CAPSULES,STRIPOF15CAPSULES,ED000010005
175,278,BECOZINC H SYRUP 200ML,BECOZINCH,BECOZINC,SYRUP200ML,STRIPOF15CAPSULES,ED000010006
176,278,BECOZINC M TABLETS 10^S,BECOZINCM,BECOZINC,STRIPOF10TABLETS,STRIPOF15CAPSULES,ED000160576
172,279,BECOZINC CAPSULES 20^S,BECOZINC,BECOZINC,CAPSULESStripof20,STRIPOF20CAPSULES,ED000010001
173,279,BECOZINC CAPSULES 30^S,BECOZINC,BECOZINC,CAPSULESStripof30,STRIPOF20CAPSULES,ED000010002
174,279,BECOZINC G CAPSULES 10^S,BECOZINCG,BECOZINC,STRIPOF10CAPSULES,STRIPOF20CAPSULES,ED000010005
175,279,BECOZINC H SYRUP 200ML,BECOZINCH,BECOZINC,SYRUP200ML,STRIPOF20CAPSULES,ED000010006
176,279,BECOZINC M TABLETS 10^S,BECOZINCM,BECOZINC,STRIPOF10TABLETS,STRIPOF20CAPSULES,ED000160576
172,280,BECOZINC CAPSULES 20^S,BECOZINC,BECOZINC,CAPSULESStripof20,STRIPOF20CAPSULES,ED000010001
173,280,BECOZINC CAPSULES 30^S,BECOZINC,BECOZINC,CAPSULESStripof30,STRIPOF20CAPSULES,ED000010002
174,280,BECOZINC G CAPSULES 10^S,BECOZINCG,BECOZINC,STRIPOF10CAPSULES,STRIPOF20CAPSULES,ED000010005
175,280,BECOZINC H SYRUP 200ML,BECOZINCH,BECOZINC,SYRUP200ML,STRIPOF20CAPSULES,ED000010006
176,280,BECOZINC M TABLETS 10^S,BECOZINCM,BECOZINC,STRIPOF10TABLETS,STRIPOF20CAPSULES,ED000160576
172,281,BECOZINC CAPSULES 20^S,BECOZINC,BECOZINC,CAPSULESStripof20,STRIPOF30CAPSULES,ED000010001
173,281,BECOZINC CAPSULES 30^S,BECOZINC,BECOZINC,CAPSULESStripof30,STRIPOF30CAPSULES,ED000010002
174,281,BECOZINC G CAPSULES 10^S,BECOZINCG,BECOZINC,STRIPOF10CAPSULES,STRIPOF30CAPSULES,ED000010005
175,281,BECOZINC H SYRUP 200ML,BECOZINCH,BECOZINC,SYRUP200ML,STRIPOF30CAPSULES,ED000010006
176,281,BECOZINC M TABLETS 10^S,BECOZINCM,BECOZINC,STRIPOF10TABLETS,STRIPOF30CAPSULES,ED000160576
172,282,BECOZINC CAPSULES 20^S,BECOZINC,BECOZINCG,CAPSULESStripof20,BLISTERPACKOF10CAPSULES,ED000010001
173,282,BECOZINC CAPSULES 30^S,BECOZINC,BECOZINCG,CAPSULESStripof30,BLISTERPACKOF10CAPSULES,ED000010002
174,282,BECOZINC G CAPSULES 10^S,BECOZINCG,BECOZINCG,STRIPOF10CAPSULES,BLISTERPACKOF10CAPSULES,ED000010005
172,283,BECOZINC CAPSULES 20^S,BECOZINC,BECOZINCG,CAPSULESStripof20,STRIPOF10CAPSULES,ED000010001
173,283,BECOZINC CAPSULES 30^S,BECOZINC,BECOZINCG,CAPSULESStripof30,STRIPOF10CAPSULES,ED000010002
174,283,BECOZINC G CAPSULES 10^S,BECOZINCG,BECOZINCG,STRIPOF10CAPSULES,STRIPOF10CAPSULES,ED000010005
172,284,BECOZINC CAPSULES 20^S,BECOZINC,BECOZINCH,CAPSULESStripof20,BOTTLEOF200MLSYRUP,ED000010001
173,284,BECOZINC CAPSULES 30^S,BECOZINC,BECOZINCH,CAPSULESStripof30,BOTTLEOF200MLSYRUP,ED000010002
175,284,BECOZINC H SYRUP 200ML,BECOZINCH,BECOZINCH,SYRUP200ML,BOTTLEOF200MLSYRUP,ED000010006
172,285,BECOZINC CAPSULES 20^S,BECOZINC,BECOZINCM,CAPSULESStripof20,STRIPOF10TABLETS,ED000010001
173,285,BECOZINC CAPSULES 30^S,BECOZINC,BECOZINCM,CAPSULESStripof30,STRIPOF10TABLETS,ED000010002
176,285,BECOZINC M TABLETS 10^S,BECOZINCM,BECOZINCM,STRIPOF10TABLETS,STRIPOF10TABLETS,ED000160576
178,286,BECOZYM C FORTE* TABLETS 15S,BECOZYMCFORTE*,BECOZYMCFORTE,TABLETS15S,STRIPOF15TABLETS,ED000010008
178,287,BECOZYM C FORTE* TABLETS 15S,BECOZYMCFORTE*,BECOZYMCFORTE,TABLETS15S,STRIPOF15TABLETS,ED000010008
178,289,BECOZYM C FORTE* TABLETS 15S,BECOZYMCFORTE*,BECOZYMECFORTE,TABLETS15S,STRIPOF15TABLETS,ED000010008
183,304,BEIPOS TABLETS 10T,BEIPOS,BEIPOS,TABLETS10T,BOTTLEOF5MLEYEDROPS,ED000010060
183,305,BEIPOS TABLETS 10T,BEIPOS,BEIPOS,TABLETS10T,STRIPOF10TABLETS,ED000010060
188,312,BELATIN SYRUP 60ML,BELATIN,BELATINM,SYRUP60ML,STRIPOF10TABLETS,ED000149009
189,317,BELIC INJECTION 1*1,BELIC,BELIC,INJECTION1*1,STRIPOF10TABLETS,ED000010072
190,317,BELIC TABLETS 10^S,BELIC,BELIC,STRIPOF10TABLETS,STRIPOF10TABLETS,ED000010071
192,337,BELLYWELL M TABLETS 10^S,BELLYWELLM,BELLYWELLM,STRIPOF10TABLETS,STRIPOF10TABLETS,ED000149011
193,342,BELTAS TABLETS 10^S,BELTAS,BELTAS,STRIPOF10TABLETS,STRIPOF10TABLETS,ED000115744
206,361,BENALGIS TABLETS          (4X10) 10 TABLETS,BENALGIS,BENALGIS,TABLETS,STRIPOF10TABLETS,ED000010130
205,363,BENALGIS FORTE 15C,BENALGISFORTE15C,BENALGISFORTE,,BOTTLEOF15CAPSULES,ED000110539
207,366,BENCID TABLETS 10^S,BENCID,BENCID,STRIPOF10TABLETS,STRIPOF10TABLETS,ED000010133
208,368,BENDEX 400 TABLETS 1TABLETS,BENDEX400,BENDEX400,TABLETS,STRIPOF1TABLETS,ED000010140
209,369,BENDEX PLUS TABLETS 1TABLETS,BENDEXPLUS,BENDEXPLUS,TABLETS,STRIPOF1TABLET,ED000010141
211,371,BENEFICIALE CAPSULES 15S,BENEFICIALE,BENEFICIALE,CAPSULES15S,BOTTLEOF100MLLIQUID,ED000010144
212,371,BENEFICIALE DROPS 15ML,BENEFICIALE,BENEFICIALE,DROPS15ML,BOTTLEOF100MLLIQUID,ED000010145
211,372,BENEFICIALE CAPSULES 15S,BENEFICIALE,BENEFICIALE,CAPSULES15S,BOTTLEOF15MLDROPS,ED000010144
212,372,BENEFICIALE DROPS 15ML,BENEFICIALE,BENEFICIALE,DROPS15ML,BOTTLEOF15MLDROPS,ED000010145
211,373,BENEFICIALE CAPSULES 15S,BENEFICIALE,BENEFICIALE,CAPSULES15S,BOTTLEOF200MLLIQUID,ED000010144
212,373,BENEFICIALE DROPS 15ML,BENEFICIALE,BENEFICIALE,DROPS15ML,BOTTLEOF200MLLIQUID,ED000010145
211,374,BENEFICIALE CAPSULES 15S,BENEFICIALE,BENEFICIALE,CAPSULES15S,BOTTLEOF200MLLIQUID,ED000010144
212,374,BENEFICIALE DROPS 15ML,BENEFICIALE,BENEFICIALE,DROPS15ML,BOTTLEOF200MLLIQUID,ED000010145
211,375,BENEFICIALE CAPSULES 15S,BENEFICIALE,BENEFICIALE,CAPSULES15S,STRIPOF15CAPSULES,ED000010144
212,375,BENEFICIALE DROPS 15ML,BENEFICIALE,BENEFICIALE,DROPS15ML,STRIPOF15CAPSULES,ED000010145
219,383,BENERIA GEL 30GM,BENERIA,BENERIA,GEL30GM,TUBEOF30GMGEL,ED000130971
226,397,BENFOMET TABLETS 10^S,BENFOMET,BENFOMET,STRIPOF10TABLETS,STRIPOF10CAPSULES,ED000010165
224,398,BENFOMET FORTE TABLETS 10^S,BENFOMETFORTE,BENFOMETFORTE,STRIPOF10TABLETS,STRIPOF10TABLETS,ED000010166
225,399,BENFOMET PLUS TABLETS 10^S,BENFOMETPLUS,BENFOMETPLUS,STRIPOF10TABLETS,STRIPOF10TABLETS,ED000010167
227,406,BENFOSULES CAPSULES 10:S,BENFOSULES,BENFOSULES,CAPSULES10:S,STRIPOF10CAPSULES,
231,411,BENGREAT 4MG TABLETS 3*10^S,BENGREAT4MG,BENGREAT4MG,TABLETS3*Stripof10,STRIPOF10TABLETS,ED000010180
232,411,BENGREAT 8MG TABLETS 3*10^S,BENGREAT8MG,BENGREAT4MG,TABLETS3*Stripof10,STRIPOF10TABLETS,ED000010181
231,412,BENGREAT 4MG TABLETS 3*10^S,BENGREAT4MG,BENGREAT8MG,TABLETS3*Stripof10,STRIPOF10TABLETS,ED000010180
232,412,BENGREAT 8MG TABLETS 3*10^S,BENGREAT8MG,BENGREAT8MG,TABLETS3*Stripof10,STRIPOF10TABLETS,ED000010181
234,413,BENIBUZ 8 TABLETS 10*10,BENIBUZ8,BENIBUZ8,TABLETS10*10,STRIPOF10TABLETS,ED000010183
239,423,BENIDUCE 4 TABLETS 10.S,BENIDUCE4,BENIDUCE4,TABLETS10.S,STRIPOF10TABLETS,ED000010210
240,424,BENIDUCE 8 TABLETS 10.S,BENIDUCE8,BENIDUCE8,TABLETS10.S,STRIPOF10TABLETS,ED000010211
250,439,BENITOWA 4 TABLETS 15T,BENITOWA4,BENITOWA4,TABLETS15T,STRIPOF10TABLETS,ED000161218
250,440,BENITOWA 4 TABLETS 15T,BENITOWA4,BENITOWA4,TABLETS15T,STRIPOF15TABLETS,ED000161218
250,441,BENITOWA 4 TABLETS 15T,BENITOWA4,BENITOWA4,TABLETS15T,STRIPOF15TABLETS,ED000161218
251,442,BENITOWA 8 TABLETS 10T,BENITOWA8,BENITOWA8,TABLETS10T,STRIPOF10TABLETS,ED000010247
251,443,BENITOWA 8 TABLETS 10T,BENITOWA8,BENITOWA8,TABLETS10T,STRIPOF15TABLETS,ED000010247
253,444,BENITOWA BETA 25 10T,BENITOWABETA2510T,BENITOWABETA25,,STRIPOF10TABLETS,ED000010249
253,445,BENITOWA BETA 25 10T,BENITOWABETA2510T,BENITOWABETA25,,STRIPOF15TABLETS,ED000010249
255,446,BENITOWA CH TABLETS 10T,BENITOWACH,BENITOWACH,TABLETS10T,STRIPOF15TABLETS,ED000010251
257,448,BENITOWA TRIO TABLETS 1*10T,BENITOWATRIO,BENITOWATRIO,TABLETS1*10T,STRIPOF10TABLETS,ED000010253
257,449,BENITOWA TRIO TABLETS 1*10T,BENITOWATRIO,BENITOWATRIO,TABLETS1*10T,STRIPOF15TABLETS,ED000010253
255,452,BENITOWA CH TABLETS 10T,BENITOWACH,BENITOWACH,TABLETS10T,STRIPOF10TABLETS,ED000010251
252,453,BENITOWA AT TABLETS 10^S,BENITOWAAT,BENITOWATM,STRIPOF10TABLETS,STRIPOF10TABLETS,ED000010248
256,453,BENITOWA TM TABLETS 10^S,BENITOWATM,BENITOWATM,STRIPOF10TABLETS,STRIPOF10TABLETS,ED000010252
259,454,BENLONG 4 TABLETS 10T,BENLONG4,BENLONG4,TABLETS10T,STRIPOF10TABLETS,ED000010257
260,454,BENLONG 4 TABLETS 10^S,BENLONG4,BENLONG4,STRIPOF10TABLETS,STRIPOF10TABLETS,ED000010257
261,455,BENLONG 8 TABLETS 10T,BENLONG8,BENLONG8,TABLETS10T,STRIPOF10TABLETS,
262,455,BENLONG 8 TABLETS 10^S,BENLONG8,BENLONG8,STRIPOF10TABLETS,STRIPOF10TABLETS,ED000010258
264,457,BENMEC CAPSULES. 10S,BENMEC,BENMEC,CAPSULES.10S,STRIPOF10CAPSULES,ED000010259
267,472,BENXOP 5 GEL 20GM,BENXOP5,BENXOP,GEL20GM,TUBEOF2.5GMGEL,ED000010294
267,473,BENXOP 5 GEL 20GM,BENXOP5,BENXOP5,GEL20GM,TUBEOF20GMGEL,ED000010294
270,478,BENZAC AC 2.5% GEL 20GM,BENZACAC2.5%,BENZACAC2.5%,GEL20GM,TUBEOF20GMGEL,ED000010303
271,478,BENZAC AC 5% GEL 20GM,BENZACAC5%,BENZACAC2.5%,GEL20GM,TUBEOF20GMGEL,ED000010304
270,479,BENZAC AC 2.5% GEL 20GM,BENZACAC2.5%,BENZACAC2.5%,GEL20GM,TUBEOF30GMGEL,ED000010303
271,479,BENZAC AC 5% GEL 20GM,BENZACAC5%,BENZACAC2.5%,GEL20GM,TUBEOF30GMGEL,ED000010304
270,480,BENZAC AC 2.5% GEL 20GM,BENZACAC2.5%,BENZACAC2.5%,GEL20GM,TUBEOF30GGEL,ED000010303
271,480,BENZAC AC 5% GEL 20GM,BENZACAC5%,BENZACAC2.5%,GEL20GM,TUBEOF30GGEL,ED000010304
270,481,BENZAC AC 2.5% GEL 20GM,BENZACAC2.5%,BENZACAC5%,GEL20GM,TUBEOF15GMGEL,ED000010303
271,481,BENZAC AC 5% GEL 20GM,BENZACAC5%,BENZACAC5%,GEL20GM,TUBEOF15GMGEL,ED000010304
270,482,BENZAC AC 2.5% GEL 20GM,BENZACAC2.5%,BENZACAC5%,GEL20GM,TUBEOF20GMGEL,ED000010303
271,482,BENZAC AC 5% GEL 20GM,BENZACAC5%,BENZACAC5%,GEL20GM,TUBEOF20GMGEL,ED000010304
270,483,BENZAC AC 2.5% GEL 20GM,BENZACAC2.5%,BENZACAC5%,GEL20GM,TUBEOF30GMGEL,ED000010303
271,483,BENZAC AC 5% GEL 20GM,BENZACAC5%,BENZACAC5%,GEL20GM,TUBEOF30GMGEL,ED000010304
270,484,BENZAC AC 2.5% GEL 20GM,BENZACAC2.5%,BENZACAC5%,GEL20GM,TUBEOF30GGEL,ED000010303
271,484,BENZAC AC 5% GEL 20GM,BENZACAC5%,BENZACAC5%,GEL20GM,TUBEOF30GGEL,ED000010304
272,485,BENZADAF GEL 15GM,BENZADAF,BENZADAF,GEL15GM,TUBEOF15GMGEL,ED000010305
273,486,BENZER 2.5 GEL 20GM,BENZER2.5,BENZER2.5%,GEL20GM,TUBEOF15GGEL,ED000010311
276,493,BENZONIX GEL WASH 50GM 50GM,BENZONIX,BENZONIX,GELWASH50GM50GM,TUBEOF50GMGELWASH,ED000129801
279,493,BENZONIX-5 GEL 20GM,BENZONIX5,BENZONIX,GEL20GM,TUBEOF50GMGELWASH,ED000010336
281,500,BEPLEX FORTE TABLETS 20S,BEPLEXFORTE,BEPLEXFORTE,TABLETS20S,STRIPOF20TABLETS,ED000010366
281,501,BEPLEX FORTE TABLETS 20S,BEPLEXFORTE,BEPLEXFORTE,TABLETS20S,VIALOF10MLINJECTION,ED000010366
281,502,BEPLEX FORTE TABLETS 20S,BEPLEXFORTE,BEPLEXFORTE,TABLETS20S,VIALOF2MLINJECTION,ED000010366
285,505,BEPLEX LZ TABLETS 10^S,BEPLEXLZ,BEPLEXLZ,STRIPOF10TABLETS,STRIPOF15CAPSULES,ED000010368
285,506,BEPLEX LZ TABLETS 10^S,BEPLEXLZ,BEPLEXLZ,STRIPOF10TABLETS,STRIPOF15CAPSULES,ED000010368
285,510,BEPLEX LZ TABLETS 10^S,BEPLEXLZ,BEPLEXLZ,STRIPOF10TABLETS,STRIPOF10TABLETS,ED000010368
291,513,BEPOMAC  TABLETS 10.S,BEPOMAC,BEPOMAC,TABLETS10.S,STRIPOF10TABLETS,ED000010381
295,516,BEPOZAL TABLETS# 10S,BEPOZAL,BEPOZAL,TABLETS#10S,STRIPOF10TABLETS,ED000010383
296,516,BEPOZAL TABLETS 10^S,BEPOZAL,BEPOZAL,STRIPOF10TABLETS,STRIPOF10TABLETS,ED000010383
297,517,BEPOZIC TABLETS 10T,BEPOZIC,BEPOZIC,TABLETS10T,STRIPOF10TABLETS,ED000010384
298,523,BERBESHINE TABLETS 5% 10,BERBESHINE,BERBESHINE,TABLETS5%10,STRIPOF10TABLETS,ED000010394
299,523,BERBESHINE TABLETS 10^S,BERBESHINE,BERBESHINE,STRIPOF10TABLETS,STRIPOF10TABLETS,ED000010394
316,543,BESPRO POWDER (ELAICHI) 200GM,BESPRO,BESPRO,POWDER(ELAICHI)200GM,BOTTLEOF200GPOWDER,ED000121216
317,543,BESPRO POWDER CHOCO 200GM,BESPRO,BESPRO,POWDERCHOCO200GM,BOTTLEOF200GPOWDER,ED000110556
318,543,BESPRO POWDER(ICE)18% 200GM,BESPRO,BESPRO,POWDER(ICE)18%200GM,BOTTLEOF200GPOWDER,ED000121217
320,550,BESTACE CAPSULES 10^S,BESTACE,BESTACE,STRIPOF10CAPSULES,STRIPOF10CAPSULES,ED000110557
321,550,BESTACE CAPSULES 12% 10^S,BESTACE,BESTACE,CAPSULES12%Stripof10,STRIPOF10CAPSULES,ED000110557
322,550,BESTACE Q TABLETS 10^S,BESTACEQ,BESTACE,STRIPOF10TABLETS,STRIPOF10CAPSULES,ED000110558
320,551,BESTACE CAPSULES 10^S,BESTACE,BESTACEQ,STRIPOF10CAPSULES,STRIPOF10CAPSULES,ED000110557
321,551,BESTACE CAPSULES 12% 10^S,BESTACE,BESTACEQ,CAPSULES12%Stripof10,STRIPOF10CAPSULES,ED000110557
322,551,BESTACE Q TABLETS 10^S,BESTACEQ,BESTACEQ,STRIPOF10TABLETS,STRIPOF10CAPSULES,ED000110558
324,555,BESTFLOW D TABLETS 10T,BESTFLOWD,BESTFLOWD,TABLETS10T,STRIPOF10TABLETS,ED000010447
325,555,BESTFLOW TABLETS 10*10,BESTFLOW,BESTFLOWD,TABLETS10*10,STRIPOF10TABLETS,ED000010448
330,561,BESTOGESIC PLUS,BESTOGESICPLUS,BESTOGESICPLUS,,STRIPOF10TABLETS,ED000010493
330,562,BESTOGESIC PLUS,BESTOGESICPLUS,BESTOGESICPLUS,,STRIPOF10TABLETS,ED000010493
340,570,BESTOZYME CAPSULES 15^S,BESTOZYME,BESTOZYME,CAPSULESStripof15,BOTTLEOF15MLDROPS,ED000010535
341,570,BESTOZYME DROPS 15ML,BESTOZYME,BESTOZYME,DROPS15ML,BOTTLEOF15MLDROPS,
343,570,BESTOZYME SYRUP 200ML,BESTOZYME,BESTOZYME,SYRUP200ML,BOTTLEOF15MLDROPS,ED000010534
340,571,BESTOZYME CAPSULES 15^S,BESTOZYME,BESTOZYME,CAPSULESStripof15,BOTTLEOF200MLSYRUP,ED000010535
341,571,BESTOZYME DROPS 15ML,BESTOZYME,BESTOZYME,DROPS15ML,BOTTLEOF200MLSYRUP,
343,571,BESTOZYME SYRUP 200ML,BESTOZYME,BESTOZYME,SYRUP200ML,BOTTLEOF200MLSYRUP,ED000010534
340,572,BESTOZYME CAPSULES 15^S,BESTOZYME,BESTOZYME,CAPSULESStripof15,BOTTLEOF60MLPAEDIATRICSYRUP,ED000010535
341,572,BESTOZYME DROPS 15ML,BESTOZYME,BESTOZYME,DROPS15ML,BOTTLEOF60MLPAEDIATRICSYRUP,
343,572,BESTOZYME SYRUP 200ML,BESTOZYME,BESTOZYME,SYRUP200ML,BOTTLEOF60MLPAEDIATRICSYRUP,ED000010534
340,573,BESTOZYME CAPSULES 15^S,BESTOZYME,BESTOZYME,CAPSULESStripof15,STRIPOF15CAPSULES,ED000010535
341,573,BESTOZYME DROPS 15ML,BESTOZYME,BESTOZYME,DROPS15ML,STRIPOF15CAPSULES,
343,573,BESTOZYME SYRUP 200ML,BESTOZYME,BESTOZYME,SYRUP200ML,STRIPOF15CAPSULES,ED000010534
344,575,BETA ANXIT 20 TABLETS 10^S,BETAANXIT20,BETAANXIT20,STRIPOF10TABLETS,STRIPOF10TABLETS,ED000010548
365,592,BETACARD 25 TABLETS 14^S,BETACARD25,BETACARD25,TABLETSStripof14,STRIPOF14TABLETS,ED000010581
366,592,BETACARD 50 TABLETS 14^S,BETACARD50,BETACARD25,TABLETSStripof14,STRIPOF14TABLETS,ED000010583
365,593,BETACARD 25 TABLETS 14^S,BETACARD25,BETACARD50,TABLETSStripof14,STRIPOF14TABLETS,ED000010581
366,593,BETACARD 50 TABLETS 14^S,BETACARD50,BETACARD50,TABLETSStripof14,STRIPOF14TABLETS,ED000010583
367,594,BETACARD AM TABLETS 10^S,BETACARDAM,BETACARDAM,STRIPOF10TABLETS,STRIPOF10TABLETS,ED000010585
368,594,BETACARD AM TABLETS 15S,BETACARDAM,BETACARDAM,TABLETS15S,STRIPOF10TABLETS,ED000140773
367,595,BETACARD AM TABLETS 10^S,BETACARDAM,BETACARDAM,STRIPOF10TABLETS,STRIPOF10TABLETS,ED000010585
368,595,BETACARD AM TABLETS 15S,BETACARDAM,BETACARDAM,TABLETS15S,STRIPOF10TABLETS,ED000140773
367,596,BETACARD AM TABLETS 10^S,BETACARDAM,BETACARDAM,STRIPOF10TABLETS,STRIPOF15TABLETS,ED000010585
368,596,BETACARD AM TABLETS 15S,BETACARDAM,BETACARDAM,TABLETS15S,STRIPOF15TABLETS,ED000140773
383,604,BETADINE(POWDER)SPRINKLING 10GM,BETADINE(,BETADINE,POWDER)SPRINKLING10GM,STRIPOF10VAGINALPESSARIES,ED000010632
369,605,BETADINE(10%)OINTMENT 20 GM,BETADINE(10%),BETADINE10%,OINTMENT20GM,BOTTLEOF100MLSOLUTION,ED000151895
371,605,BETADINE(10%)OINTMENT 15GM,BETADINE(10%),BETADINE10%,OINTMENT15GM,BOTTLEOF100MLSOLUTION,ED000010611
372,605,BETADINE(10%)OINTMENT 20GM,BETADINE(10%),BETADINE10%,OINTMENT20GM,BOTTLEOF100MLSOLUTION,ED000151895
369,606,BETADINE(10%)OINTMENT 20 GM,BETADINE(10%),BETADINE10%,OINTMENT20GM,TUBEOF20GOINTMENT,ED000151895
371,606,BETADINE(10%)OINTMENT 15GM,BETADINE(10%),BETADINE10%,OINTMENT15GM,TUBEOF20GOINTMENT,ED000010611
372,606,BETADINE(10%)OINTMENT 20GM,BETADINE(10%),BETADINE10%,OINTMENT20GM,TUBEOF20GOINTMENT,ED000151895
375,610,BETADINE(5%)OINTMENT 25GM,BETADINE(5%),BETADINE5%,OINTMENT25GM,BOTTLEOF1LSTANDARDISEDMICROBICIDALSOLUTION,ED000010621
375,611,BETADINE(5%)OINTMENT 25GM,BETADINE(5%),BETADINE5%,OINTMENT25GM,PACKOF250GMOINTMENT,ED000010621
375,612,BETADINE(5%)OINTMENT 25GM,BETADINE(5%),BETADINE5%,OINTMENT25GM,TUBEOF125GOINTMENT,ED000010621
375,613,BETADINE(5%)OINTMENT 25GM,BETADINE(5%),BETADINE5%,OINTMENT25GM,TUBEOF25GOINTMENT,ED000010621
403,630,BETAGLIM M1 TABLETS 10^S,BETAGLIMM1,BETAGLIM1,STRIPOF10TABLETS,STRIPOF10TABLETS,ED000010668
407,648,BETALOC 100 TABLETS 10^S,BETALOC100,BETALOC100MG,STRIPOF10TABLETS,STRIPOF10TABLETS,ED000010684
410,650,BETALOC 25,BETALOC25,BETALOC25,,STRIPOF30TABLETS,ED000010685
412,651,BETALOC 50 TABLETS 30T,BETALOC50,BETALOC50,TABLETS30T,STRIPOF30TABLETS,ED000010686
413,651,BETALOC 50 TABLETS 1*30,BETALOC50,BETALOC50,TABLETS1*30,STRIPOF30TABLETS,ED000010686
415,657,BETAMIL GM CREAM 25g,BETAMILGM,BETAMILGM,CREAM25g,TUBEOF20GMCREAM,ED000010698
416,657,BETAMIL M CREAM 20G,BETAMILM,BETAMILGM,CREAM20G,TUBEOF20GMCREAM,ED000010699
417,657,BETAMIL M CREAM 20GM,BETAMILM,BETAMILGM,CREAM20GM,TUBEOF20GMCREAM,ED000010699
415,658,BETAMIL GM CREAM 25g,BETAMILGM,BETAMILGM,CREAM25g,TUBEOF25GCREAM,ED000010698
416,658,BETAMIL M CREAM 20G,BETAMILM,BETAMILGM,CREAM20G,TUBEOF25GCREAM,ED000010699
417,658,BETAMIL M CREAM 20GM,BETAMILM,BETAMILGM,CREAM20GM,TUBEOF25GCREAM,ED000010699
415,659,BETAMIL GM CREAM 25g,BETAMILGM,BETAMILGM,CREAM25g,TUBEOF30GCREAM,ED000010698
416,659,BETAMIL M CREAM 20G,BETAMILM,BETAMILGM,CREAM20G,TUBEOF30GCREAM,ED000010699
417,659,BETAMIL M CREAM 20GM,BETAMILM,BETAMILGM,CREAM20GM,TUBEOF30GCREAM,ED000010699
415,660,BETAMIL GM CREAM 25g,BETAMILGM,BETAMILGM,CREAM25g,TUBEOF30GCREAM,ED000010698
416,660,BETAMIL M CREAM 20G,BETAMILM,BETAMILGM,CREAM20G,TUBEOF30GCREAM,ED000010699
417,660,BETAMIL M CREAM 20GM,BETAMILM,BETAMILGM,CREAM20GM,TUBEOF30GCREAM,ED000010699
350,662,BETA NICARDIA CAPSULES 10^S,BETANICARDIA,BETANICARDIA,STRIPOF10CAPSULES,STRIPOF10CAPSULES,ED000010557
429,674,BETATROP TABLETS 10S,BETATROP,BETATROP,STRIPOF10TABLETS,STRIPOF10TABLETS,ED000010773
432,676,BETAVERT 8 TABLETS 10^S,BETAVERT8,BETAVERT,STRIPOF10TABLETS,STRIPOF10TABLETS,ED000010776
430,677,BETAVERT 16 TABLETS 10^S,BETAVERT16,BETAVERT16,STRIPOF10TABLETS,STRIPOF10TABLETS,ED000010774
431,678,BETAVERT 24 TABLETS 10^S,BETAVERT24,BETAVERT24,STRIPOF10TABLETS,STRIPOF10TABLETS,ED000010775
431,679,BETAVERT 24 TABLETS 10^S,BETAVERT24,BETAVERTOD24,STRIPOF10TABLETS,STRIPOF10TABLETS,ED000010775
434,681,BETAVIT CAPSULES 10^S,BETAVIT,BETAVIT,STRIPOF10CAPSULES,STRIPOF10TABLETS,ED000010786
436,687,BETHADOXIN DROP 15ML,BETHADOXIN,BETHADOXIN,DROP15ML,BOTTLEOF15MLDROPS,ED000130394
438,687,BETHADOXIN SG CAPSULES 10^S,BETHADOXINSG,BETHADOXIN,STRIPOF10CAPSULES,BOTTLEOF15MLDROPS,ED000010804
437,688,BETHADOXIN JUNIOR SUSPENSION 100ML,BETHADOXINJUNIORSUSPENSION100ML,BETHADOXINJUNIORSUSPENSION100ML,,BOTTLEOF1SUSPENSION,ED000130395
436,690,BETHADOXIN DROP 15ML,BETHADOXIN,BETHADOXINSG,DROP15ML,STRIPOF10CAPSULES,ED000130394
438,690,BETHADOXIN SG CAPSULES 10^S,BETHADOXINSG,BETHADOXINSG,STRIPOF10CAPSULES,STRIPOF10CAPSULES,ED000010804
444,696,BETNESOL INJECTION 10*8*1ML,BETNESOL,BETNESOL,INJECTION10*8*1ML,AMPOULEOF8*1MLINJECTION,ED000010817
447,696,BETNESOL TABLETS 20S,BETNESOL,BETNESOL,TABLETS20S,AMPOULEOF8*1MLINJECTION,ED000010816
444,697,BETNESOL INJECTION 10*8*1ML,BETNESOL,BETNESOL,INJECTION10*8*1ML,BOTTLEOF10MLDROPS,ED000010817
447,697,BETNESOL TABLETS 20S,BETNESOL,BETNESOL,TABLETS20S,BOTTLEOF10MLDROPS,ED000010816
444,698,BETNESOL INJECTION 10*8*1ML,BETNESOL,BETNESOL,INJECTION10*8*1ML,BOTTLEOF15MLDROPS,ED000010817
447,698,BETNESOL TABLETS 20S,BETNESOL,BETNESOL,TABLETS20S,BOTTLEOF15MLDROPS,ED000010816
444,699,BETNESOL INJECTION 10*8*1ML,BETNESOL,BETNESOL,INJECTION10*8*1ML,BOTTLEOF5MLDROPS,ED000010817
447,699,BETNESOL TABLETS 20S,BETNESOL,BETNESOL,TABLETS20S,BOTTLEOF5MLDROPS,ED000010816
444,700,BETNESOL INJECTION 10*8*1ML,BETNESOL,BETNESOL,INJECTION10*8*1ML,STRIPOF20TABLETS,ED000010817
447,700,BETNESOL TABLETS 20S,BETNESOL,BETNESOL,TABLETS20S,STRIPOF20TABLETS,ED000010816
443,701,BETNESOL FORTE TABLETS 20S,BETNESOLFORTE,BETNESOLFORTE,TABLETS20S,STRIPOF20TABLETS,ED000010819
444,702,BETNESOL INJECTION 10*8*1ML,BETNESOL,BETNESOLN,INJECTION10*8*1ML,BOTTLEOF5MLEYE/EARDROPS,ED000010817
447,702,BETNESOL TABLETS 20S,BETNESOL,BETNESOLN,TABLETS20S,BOTTLEOF5MLEYE/EARDROPS,ED000010816
448,704,BETNOVATE C CREAM# 30G,BETNOVATEC,BETNOVATE,CREAM#30G,TUBEOF20MGCREAM,ED000010829
450,704,BETNOVATE GM CREAM 20GM,BETNOVATEGM,BETNOVATE,CREAM20GM,TUBEOF20MGCREAM,ED000010830
451,704,BETNOVATE N CREAM# 20GM,BETNOVATEN,BETNOVATE,CREAM#20GM,TUBEOF20MGCREAM,ED000010832
454,704,BETNOVATE S CREAM 20GM,BETNOVATES,BETNOVATE,CREAM20GM,TUBEOF20MGCREAM,ED000010834
448,705,BETNOVATE C CREAM# 30G,BETNOVATEC,BETNOVATEN,CREAM#30G,TUBEOF25GCREAM,ED000010829
451,705,BETNOVATE N CREAM# 20GM,BETNOVATEN,BETNOVATEN,CREAM#20GM,TUBEOF25GCREAM,ED000010832
454,705,BETNOVATE S CREAM 20GM,BETNOVATES,BETNOVATEN,CREAM20GM,TUBEOF25GCREAM,ED000010834
448,706,BETNOVATE C CREAM# 30G,BETNOVATEC,BETNOVATEC,CREAM#30G,TUBEOF30GCREAM,ED000010829
451,706,BETNOVATE N CREAM# 20GM,BETNOVATEN,BETNOVATEC,CREAM#20GM,TUBEOF30GCREAM,ED000010832
454,706,BETNOVATE S CREAM 20GM,BETNOVATES,BETNOVATEC,CREAM20GM,TUBEOF30GCREAM,ED000010834
450,707,BETNOVATE GM CREAM 20GM,BETNOVATEGM,BETNOVATEGM,CREAM20GM,TUBEOF20GMCREAM,ED000010830
448,708,BETNOVATE C CREAM# 30G,BETNOVATEC,BETNOVATEN,CREAM#30G,TUBEOF20GMCREAM,ED000010829
451,708,BETNOVATE N CREAM# 20GM,BETNOVATEN,BETNOVATEN,CREAM#20GM,TUBEOF20GMCREAM,ED000010832
454,708,BETNOVATE S CREAM 20GM,BETNOVATES,BETNOVATEN,CREAM20GM,TUBEOF20GMCREAM,ED000010834
448,709,BETNOVATE C CREAM# 30G,BETNOVATEC,BETNOVATES,CREAM#30G,TUBEOF20GSKINOINTMENT,ED000010829
451,709,BETNOVATE N CREAM# 20GM,BETNOVATEN,BETNOVATES,CREAM#20GM,TUBEOF20GSKINOINTMENT,ED000010832
454,709,BETNOVATE S CREAM 20GM,BETNOVATES,BETNOVATES,CREAM20GM,TUBEOF20GSKINOINTMENT,ED000010834
460,712,BETONIN AST SYRUP 170ML,BETONINAST,BETONINAST,SYRUP170ML,BOTTLEOF170MLSYRUP,ED000010838
461,712,BETONIN AST SYRUP 400ML,BETONINAST,BETONINAST,SYRUP400ML,BOTTLEOF170MLSYRUP,ED000010839
462,712,BETONIN AST SYRUP $ 200ML,BETONINAST,BETONINAST,SYRUP$200ML,BOTTLEOF170MLSYRUP,ED000110574
463,712,BETONIN AST SYRUP 200ML.,BETONINAST,BETONINAST,SYRUP200ML.,BOTTLEOF170MLSYRUP,ED000110574
460,713,BETONIN AST SYRUP 170ML,BETONINAST,BETONINAST,SYRUP170ML,BOTTLEOF200MLSYRUP,ED000010838
461,713,BETONIN AST SYRUP 400ML,BETONINAST,BETONINAST,SYRUP400ML,BOTTLEOF200MLSYRUP,ED000010839
462,713,BETONIN AST SYRUP $ 200ML,BETONINAST,BETONINAST,SYRUP$200ML,BOTTLEOF200MLSYRUP,ED000110574
463,713,BETONIN AST SYRUP 200ML.,BETONINAST,BETONINAST,SYRUP200ML.,BOTTLEOF200MLSYRUP,ED000110574
460,714,BETONIN AST SYRUP 170ML,BETONINAST,BETONINAST,SYRUP170ML,BOTTLEOF400MLSYRUP,ED000010838
461,714,BETONIN AST SYRUP 400ML,BETONINAST,BETONINAST,SYRUP400ML,BOTTLEOF400MLSYRUP,ED000010839
462,714,BETONIN AST SYRUP $ 200ML,BETONINAST,BETONINAST,SYRUP$200ML,BOTTLEOF400MLSYRUP,ED000110574
463,714,BETONIN AST SYRUP 200ML.,BETONINAST,BETONINAST,SYRUP200ML.,BOTTLEOF400MLSYRUP,ED000110574
472,733,BEVON CAPSULES # 15^S,BEVON,BEVON,CAPSULES#Stripof15,BOTTLEOF100MLSYRUP,ED000010879
473,733,BEVON CAPSULES 15C,BEVON,BEVON,CAPSULES15C,BOTTLEOF100MLSYRUP,ED000010879
474,733,BEVON CAPSULES 1*15,BEVON,BEVON,CAPSULES1*15,BOTTLEOF100MLSYRUP,ED000010879
477,733,BEVON DROPS 15ML,BEVON,BEVON,DROPS15ML,BOTTLEOF100MLSYRUP,ED000010881
472,734,BEVON CAPSULES # 15^S,BEVON,BEVON,CAPSULES#Stripof15,BOTTLEOF15MLDROPS,ED000010879
473,734,BEVON CAPSULES 15C,BEVON,BEVON,CAPSULES15C,BOTTLEOF15MLDROPS,ED000010879
474,734,BEVON CAPSULES 1*15,BEVON,BEVON,CAPSULES1*15,BOTTLEOF15MLDROPS,ED000010879
477,734,BEVON DROPS 15ML,BEVON,BEVON,DROPS15ML,BOTTLEOF15MLDROPS,ED000010881
472,735,BEVON CAPSULES # 15^S,BEVON,BEVON,CAPSULES#Stripof15,BOTTLEOF200MLSUSPENSION,ED000010879
473,735,BEVON CAPSULES 15C,BEVON,BEVON,CAPSULES15C,BOTTLEOF200MLSUSPENSION,ED000010879
474,735,BEVON CAPSULES 1*15,BEVON,BEVON,CAPSULES1*15,BOTTLEOF200MLSUSPENSION,ED000010879
477,735,BEVON DROPS 15ML,BEVON,BEVON,DROPS15ML,BOTTLEOF200MLSUSPENSION,ED000010881
472,736,BEVON CAPSULES # 15^S,BEVON,BEVON,CAPSULES#Stripof15,STRIPOF15CAPSULES,ED000010879
473,736,BEVON CAPSULES 15C,BEVON,BEVON,CAPSULES15C,STRIPOF15CAPSULES,ED000010879
474,736,BEVON CAPSULES 1*15,BEVON,BEVON,CAPSULES1*15,STRIPOF15CAPSULES,ED000010879
477,736,BEVON DROPS 15ML,BEVON,BEVON,DROPS15ML,STRIPOF15CAPSULES,ED000010881
475,737,BEVON CD CAPSULES 10^S,BEVONCD,BEVONCD,STRIPOF10CAPSULES,STRIPOF10CAPSULES,ED000010880
476,737,BEVON CD CAPSULES # 10S,BEVONCD,BEVONCD,CAPSULES#10S,STRIPOF10CAPSULES,ED000010880
485,740,BEXOL TABLETS # 10S,BEXOL,BEXOL,TABLETS#10S,BOTTLEOF5MLDROPS,ED000010892
486,740,BEXOL TABLETS %%%%              {5 10^S,BEXOL,BEXOL,TABLETS%%%%{5Stripof10,BOTTLEOF5MLDROPS,ED000010892
485,741,BEXOL TABLETS # 10S,BEXOL,BEXOL,TABLETS#10S,STRIPOF10TABLETS,ED000010892
486,741,BEXOL TABLETS %%%%              {5 10^S,BEXOL,BEXOL,TABLETS%%%%{5Stripof10,STRIPOF10TABLETS,ED000010892
482,742,BEXOL DT  TABLETS(D) 20^S,BEXOLDT,BEXOLDT,TABLETS(D)Stripof20,BOTTLEOF100TABLETS,ED000119321
484,742,BEXOL DT TABLETS 1*50^S,BEXOLDT,BEXOLDT,TABLETS1*Stripof50,BOTTLEOF100TABLETS,ED000010894
482,743,BEXOL DT  TABLETS(D) 20^S,BEXOLDT,BEXOLDT,TABLETS(D)Stripof20,BOTTLEOF50TABLETS,ED000119321
484,743,BEXOL DT TABLETS 1*50^S,BEXOLDT,BEXOLDT,TABLETS1*Stripof50,BOTTLEOF50TABLETS,ED000010894
8,745,B FIT CD TABLETS 10^S,BFITCD,BFITCD,STRIPOF10TABLETS,STRIPOF10TABLETS,ED000009269
491,757,BGR 34 TABLETS 100^S,BGR34,BGR34,STRIPOF10TABLETS0,BOTTLEOF100TABLETS,ED000010914
492,757,BGR-34 TABLETS-30049011 100^S,BGR34,BGR34,TABLETS30049011Stripof100,BOTTLEOF100TABLETS,ED000010914
525,768,BIGCEF-250 TABLETS,BIGCEF250,BICEF250,TABLETS,BOTTLEOF30MLDRYSYRUP,ED000011024
504,774,BIDURET L TABLETS 10^S,BIDURETL,BIDURETL,STRIPOF10TABLETS,STRIPOF10TABLETS,ED000010992
504,775,BIDURET L TABLETS 10^S,BIDURETL,BIDURET,STRIPOF10TABLETS,STRIPOF10TABLETS,ED000010992
507,776,BIFILAC CAPSULES 10^S,BIFILAC,BIFILAC,STRIPOF10CAPSULES,BOTTLEOF5GM/50MLDRYSYRUP,ED000010996
508,776,BIFILAC CAPSULES 10,BIFILAC,BIFILAC,CAPSULES10,BOTTLEOF5GM/50MLDRYSYRUP,ED000010996
507,777,BIFILAC CAPSULES 10^S,BIFILAC,BIFILAC,STRIPOF10CAPSULES,BOXOF5X3SACHETS,ED000010996
508,777,BIFILAC CAPSULES 10,BIFILAC,BIFILAC,CAPSULES10,BOXOF5X3SACHETS,ED000010996
507,778,BIFILAC CAPSULES 10^S,BIFILAC,BIFILAC,STRIPOF10CAPSULES,SACHETOF0.5GMPOWDER,ED000010996
508,778,BIFILAC CAPSULES 10,BIFILAC,BIFILAC,CAPSULES10,SACHETOF0.5GMPOWDER,ED000010996
507,779,BIFILAC CAPSULES 10^S,BIFILAC,BIFILAC,STRIPOF10CAPSULES,SACHETOF3X0.5GPOWDER,ED000010996
508,779,BIFILAC CAPSULES 10,BIFILAC,BIFILAC,CAPSULES10,SACHETOF3X0.5GPOWDER,ED000010996
507,780,BIFILAC CAPSULES 10^S,BIFILAC,BIFILAC,STRIPOF10CAPSULES,STRIPOF10CAPSULES,ED000010996
508,780,BIFILAC CAPSULES 10,BIFILAC,BIFILAC,CAPSULES10,STRIPOF10CAPSULES,ED000010996
507,781,BIFILAC CAPSULES 10^S,BIFILAC,BIFILAC,STRIPOF10CAPSULES,STRIPOF10LOZENGES,ED000010996
508,781,BIFILAC CAPSULES 10,BIFILAC,BIFILAC,CAPSULES10,STRIPOF10LOZENGES,ED000010996
510,782,BIFILAC GG CAPSULES 10^S,BIFILACGG,BIFILACGG,STRIPOF10CAPSULES,10SACHETSOF0.75GGRANULES,ED000115790
510,783,BIFILAC GG CAPSULES 10^S,BIFILACGG,BIFILACGG,STRIPOF10CAPSULES,STRIPOF10CAPSULES,ED000115790
513,785,BIFILAC HP CAPSULES 10.S,BIFILACHP,BIFILACHP,CAPSULES10.S,STRIPOF10CAPSULES,ED000010998
514,785,BIFILAC HP CAPSULES 10^S,BIFILACHP,BIFILACHP,STRIPOF10CAPSULES,STRIPOF10CAPSULES,ED000010998
521,794,BIG NAC GEL 30G,BIGNAC,BIGNAC,GEL30G,TUBEOF30MLGEL,ED000011039
536,794,BIG-NAC-P  TABLETS 10.S,BIGNACP,BIGNAC,TABLETS10.S,TUBEOF30MLGEL,ED000011042
522,796,BIGBRO OD TABLETS 10^S,BIGBROOD,BIGBROOD,STRIPOF10TABLETS,STRIPOF10TABLETS,ED000011022
525,797,BIGCEF-250 TABLETS,BIGCEF250,BIGCEF250MG,TABLETS,STRIPOF10TABLETS,ED000011024
526,798,BIGCEF-500 TABLETS,BIGCEF500,BIGCEF500MG,TABLETS,STRIPOF10TABLETS,ED000011025
527,804,BIGLAC CAPSULES(FORGEN) 10^S,BIGLAC,BIGLAC,CAPSULES(FORGEN)Stripof10,PACKOF1GMPOWDER,ED000149026
527,805,BIGLAC CAPSULES(FORGEN) 10^S,BIGLAC,BIGLAC,CAPSULES(FORGEN)Stripof10,STRIPOF10CAPSULES,ED000149026
534,807,BIG-NAC-MR 4 TABLETS 10^S,BIGNACMR4,BIGNACMR4,STRIPOF10TABLETS,STRIPOF10TABLETS,ED000011040
543,809,BIGOMET 500 TABLETS 1*10,BIGOMET500,BIGOMET250,TABLETS1*10,STRIPOF10TABLETS,ED000011046
543,810,BIGOMET 500 TABLETS 1*10,BIGOMET500,BIGOMET850,TABLETS1*10,STRIPOF10TABLETS,ED000011046
543,813,BIGOMET 500 TABLETS 1*10,BIGOMET500,BIGOMETSR500,TABLETS1*10,STRIPOF10TABLETS,ED000011046
547,814,BIGPHYLIN-PLUS TABLETS 10^S,BIGPHYLINPLUS,BIGPHYLINPLUS,STRIPOF10TABLETS,STRIPOF10TABLETS,ED000110593
554,815,BIGSPAS-P TABLETS 10,BIGSPASP,BIGSPASP,TABLETS10,STRIPOF10TABLETS,ED000011058
557,817,BIGVIN -2500 INJECTION,BIGVIN2500,BIGVIN2500MG,INJECTION,VIALOF1INJECTION,ED000011061
564,824,BILACHEK M TABLETS 10T,BILACHEKM,BILACHEK,TABLETS10T,BOTTLEOF60MLSYRUP,ED000154674
566,824,BILACHEK TABLETS 10T,BILACHEK,BILACHEK,TABLETS10T,BOTTLEOF60MLSYRUP,ED000154673
564,826,BILACHEK M TABLETS 10T,BILACHEKM,BILACHEKM,TABLETS10T,STRIPOF10TABLETS,ED000154674
566,826,BILACHEK TABLETS 10T,BILACHEK,BILACHEKM,TABLETS10T,STRIPOF10TABLETS,ED000154673
568,827,BILAFAV M TABLETS 10S,BILAFAVM,BILAFAV,STRIPOF10TABLETS,STRIPOF10TABLETS,ED000156583
572,832,BILAGRA M TABLETS 10^S,BILAGRAM,BILAGRAM,STRIPOF10TABLETS,STRIPOF10TABLETS,ED000148328
573,841,BILALIFE M TABLETS 10S,BILALIFEM,BILALIFEM,STRIPOF10TABLETS,STRIPOF10TABLETS,ED000153192
574,841,BILALIFE TABLETS 10S,BILALIFE,BILALIFEM,STRIPOF10TABLETS,STRIPOF10TABLETS,ED000153697
577,853,BILANIX 20MG TABLETS 10^S,BILANIX20MG,BILANIX20MG,STRIPOF10TABLETS,STRIPOF10TABLETS,ED000116297
579,853,BILANIX 20MG TABLETS # 10S,BILANIX20MG,BILANIX20MG,TABLETS#10S,STRIPOF10TABLETS,ED000116297
580,855,BILANTA 20MG TABLETS 10^S,BILANTA20MG,BILANTA20MG,STRIPOF10TABLETS,STRIPOF10TABLETS,ED000130374
605,857,BILLARGIC M TABLETS 10S,BILLARGICM,BILARGICM,STRIPOF10TABLETS,STRIPOF10TABLETS,ED000149037
588,859,BILAST M TABLETS 10^S,BILASTM,BILASETM,STRIPOF10TABLETS,STRIPOF10TABLETS,ED000152285
585,860,BILASHINE 20MG 10S,BILASHINE20MG10S,BILASHINE20MG,,STRIPOF10TABLETS,ED000129287
586,861,BILASHINE DT 10 10S,BILASHINEDT1010S,BILASHINEDT10,,STRIPOF10TABLETS,ED000151275
590,869,BILASURE 20 TABLETS 10^S,BILASURE20,BILASURE20,STRIPOF10TABLETS,STRIPOF10TABLETS,ED000129901
591,872,BILASURE M TABLETS 10^S,BILASUREM,BILASUREM,STRIPOF10TABLETS,STRIPOF10TABLETS,ED000145944
593,872,BILASURE SYRUP 30ML,BILASURE,BILASUREM,SYRUP30ML,STRIPOF10TABLETS,
597,878,BILAZEST M TABLETS,BILAZESTM,BILAZESTM,TABLETS,STRIPOF10TABLETS,ED000149035
599,881,BILBAY M TABLETS 1*10,BILBAYM,BILBAYM,TABLETS1*10,STRIPOF10TABLETS,
601,881,BILBAY TABLETS 10*10,BILBAY,BILBAYM,TABLETS10*10,STRIPOF10TABLETS,ED000153261
602,884,BILEFIX 300 TABLETS 14S,BILEFIX300,BILEFIX300MG,TABLETS14S,STRIPOF14TABLETS,ED000011082
603,885,BILEFIX 600 TABLETS 14S,BILEFIX600,BILEFIX600MG,TABLETS14S,STRIPOF14TABLETS,ED000011083
604,889,BILKRO M TABLETS 1*10,BILKROM,BILKROM,TABLETS1*10,STRIPOF10TABLETS,ED000159539
605,890,BILLARGIC M TABLETS 10S,BILLARGICM,BILLARGIC,STRIPOF10TABLETS,STRIPOF10TABLETS,ED000149037
607,890,BILLARGIC TABLETS 20MG 10^S,BILLARGIC,BILLARGIC,TABLETS20MGStripof10,STRIPOF10TABLETS,ED000131615
605,892,BILLARGIC M TABLETS 10S,BILLARGICM,BILLARGICM,STRIPOF10TABLETS,STRIPOF10TABLETS,ED000149037
607,892,BILLARGIC TABLETS 20MG 10^S,BILLARGIC,BILLARGICM,TABLETS20MGStripof10,STRIPOF10TABLETS,ED000131615
610,896,BILOVAS TABLETS 10T,BILOVAS,BILOVAS,TABLETS10T,STRIPOF10TABLETS,ED000011097
611,896,BILOVAS TABLETS # 10T,BILOVAS,BILOVAS,TABLETS#10T,STRIPOF10TABLETS,
616,898,BI-LUMA# CREAM 15GM,BILUMA#,BILUMA,CREAM15GM,TUBEOF15GMCREAM,ED000011100
617,898,BI-LUMA. CREAM 15GM,BILUMA.,BILUMA,CREAM15GM,TUBEOF15GMCREAM,ED000011100
635,919,BIO D3 PLUS CAPSULES 15T,BIOD3PLUS,BIOD3PLUS,CAPSULES15T,BOTTLEOF120MLSUSPENSION,ED000011147
636,919,BIO D3 PLUS CAPSULES 15^S,BIOD3PLUS,BIOD3PLUS,CAPSULESStripof15,BOTTLEOF120MLSUSPENSION,ED000011147
646,930,BIOCART MSM TABLETS 10,BIOCARTMSM,BIOCARTMSM,TABLETS10,STRIPOF6TABLETS,ED000110606
648,938,BIOCLAR 250 TABLETS,BIOCLAR250,BIOCLAR250MG,TABLETS,STRIPOF10TABLETS,
648,939,BIOCLAR 250 TABLETS,BIOCLAR250,BIOCLAR250MG,TABLETS,STRIPOF10TABLETS,
649,940,BIOCLAR 500 TABLETS,BIOCLAR500,BIOCLAR500MG,TABLETS,STRIPOF10TABLETS,ED000011237
653,948,BIOCUTIS CREAM 100GM,BIOCUTIS,BIOCUTIS,CREAM100GM,BOTTLEOF100MLLOTION,ED000110610
658,948,BIOCUTIS(SOAP)BATH BAR 100GM,BIOCUTIS(,BIOCUTIS,SOAP)BATHBAR100GM,BOTTLEOF100MLLOTION,ED000110609
653,949,BIOCUTIS CREAM 100GM,BIOCUTIS,BIOCUTIS,CREAM100GM,TUBEOF100GCREAM,ED000110610
658,949,BIOCUTIS(SOAP)BATH BAR 100GM,BIOCUTIS(,BIOCUTIS,SOAP)BATHBAR100GM,TUBEOF100GCREAM,ED000110609
628,951,BIO D3 CAPSULES 10^S,BIOD3,BIOD3,STRIPOF10CAPSULES,STRIPOF10CAPSULES,ED000011141
630,953,BIO D3 FEM CAPSULES 10^S,BIOD3FEM,BIOD3FEM,STRIPOF10CAPSULES,STRIPOF10CAPSULES,ED000011143
631,953,BIO D3 FEM CAPSULES 15^S,BIOD3FEM,BIOD3FEM,CAPSULESStripof15,STRIPOF10CAPSULES,ED000140777
630,954,BIO D3 FEM CAPSULES 10^S,BIOD3FEM,BIOD3FEM,STRIPOF10CAPSULES,STRIPOF15CAPSULES,ED000011143
631,954,BIO D3 FEM CAPSULES 15^S,BIOD3FEM,BIOD3FEM,CAPSULESStripof15,STRIPOF15CAPSULES,ED000140777
634,956,BIO D3 MOM  TABLETS 15^S,BIOD3MOM,BIOD3MOM,TABLETSStripof15,STRIPOF15TABLETS,ED000156834
635,957,BIO D3 PLUS CAPSULES 15T,BIOD3PLUS,BIOD3PLUS,CAPSULES15T,STRIPOF15CAPSULES,ED000011147
636,957,BIO D3 PLUS CAPSULES 15^S,BIOD3PLUS,BIOD3PLUS,CAPSULESStripof15,STRIPOF15CAPSULES,ED000011147
662,961,BIODENS TABLETS 10S,BIODENS,BIODENS,STRIPOF10TABLETS,STRIPOF10TABLETS,ED000110615
665,977,BIOFER XT TABLETS 10^S,BIOFERXT,BIOFERXT,STRIPOF10TABLETS,BOTTLEOF200MLSYRUP,ED000110617
665,979,BIOFER XT TABLETS 10^S,BIOFERXT,BIOFERXT,STRIPOF10TABLETS,BOTTLEOF200MLSUSPENSION,ED000110617
665,980,BIOFER XT TABLETS 10^S,BIOFERXT,BIOFERXT,STRIPOF10TABLETS,STRIPOF10TABLETS,ED000110617
665,981,BIOFER XT TABLETS 10^S,BIOFERXT,BIOFERXT,STRIPOF10TABLETS,STRIPOF10TABLETS,ED000110617
679,1014,BIOMELA TABLETS 1*10,BIOMELA,BIOMELA,TABLETS1*10,STRIPOF10TABLETS,
681,1025,BIONECT CREAM 15GM,BIONECT,BIONECT,CREAM15GM,TUBEOF15GMSOINTMENT,ED000011442
683,1041,BIOPREG F TABLETS 10^S,BIOPREGF,BIOPREGF,STRIPOF10TABLETS,STRIPOF10TABLETS,ED000011471
690,1054,BIOSIL CAPSULES 10^S,BIOSIL,BIOSIL,STRIPOF10CAPSULES,STRIPOF10CAPSULES,ED000011526
691,1054,BIOSILK CREAM 100GM,BIOSILK,BIOSIL,CREAM100GM,STRIPOF10CAPSULES,ED000141299
692,1054,BIOSILK CREAM # 100GM,BIOSILK,BIOSIL,CREAM#100GM,STRIPOF10CAPSULES,ED000141299
690,1055,BIOSIL CAPSULES 10^S,BIOSIL,BIOSILK,STRIPOF10CAPSULES,BOTTLEOF150MLDAILYMOISTURIZINGLOTION,ED000011526
691,1055,BIOSILK CREAM 100GM,BIOSILK,BIOSILK,CREAM100GM,BOTTLEOF150MLDAILYMOISTURIZINGLOTION,ED000141299
692,1055,BIOSILK CREAM # 100GM,BIOSILK,BIOSILK,CREAM#100GM,BOTTLEOF150MLDAILYMOISTURIZINGLOTION,ED000141299
690,1056,BIOSIL CAPSULES 10^S,BIOSIL,BIOSILK,STRIPOF10CAPSULES,TUBEOF100GMOISTURISINGCREAM,ED000011526
691,1056,BIOSILK CREAM 100GM,BIOSILK,BIOSILK,CREAM100GM,TUBEOF100GMOISTURISINGCREAM,ED000141299
692,1056,BIOSILK CREAM # 100GM,BIOSILK,BIOSILK,CREAM#100GM,TUBEOF100GMOISTURISINGCREAM,ED000141299
696,1063,BIOSTAR GOLD # CAPSULES 10^S,BIOSTARGOLD#,BIOSTARGOLD,STRIPOF10CAPSULES,BLISTERPACKOF10CAPSULES,ED000011546
697,1063,BIOSTAR GOLD CAPSULES 10^S,BIOSTARGOLD,BIOSTARGOLD,STRIPOF10CAPSULES,BLISTERPACKOF10CAPSULES,ED000011546
696,1064,BIOSTAR GOLD # CAPSULES 10^S,BIOSTARGOLD#,BIOSTARGOLD,STRIPOF10CAPSULES,STRIPOF10CAPSULES,ED000011546
697,1064,BIOSTAR GOLD CAPSULES 10^S,BIOSTARGOLD,BIOSTARGOLD,STRIPOF10CAPSULES,STRIPOF10CAPSULES,ED000011546
698,1066,BIOSUGANRIL 10 TABLETS 10S,BIOSUGANRIL10,BIOSUGANRIL10,STRIPOF10TABLETS,STRIPOF10TABLETS,ED000011551
699,1066,BIOSUGANRIL 20 TABLETS 10S,BIOSUGANRIL20,BIOSUGANRIL10,STRIPOF10TABLETS,STRIPOF10TABLETS,ED000011552
701,1073,BIOTEE FORTE TABLETS 10^S,BIOTEEFORTE,BIOTEEFORTE,STRIPOF10TABLETS,STRIPOF10TABLETS,ED000011574
700,1074,BIOTEE 10  TABLETS 10^S,BIOTEE10,BIOTEE10,STRIPOF10TABLETS,STRIPOF10TABLETS,ED000011573
702,1075,BIOTEE PLUS TABLETS 10^S,BIOTEEPLUS,BIOTEEPLUS,STRIPOF10TABLETS,STRIPOF10TABLETS,ED000011575
708,1098,BIOZIM-O TABLETS 1*10^S,BIOZIMO,BIOZIM,TABLETS1*Stripof10,STRIPOF10TABLETS,ED000119263
708,1099,BIOZIM-O TABLETS 1*10^S,BIOZIMO,BIOZIM,TABLETS1*Stripof10,STRIPOF10TABLETS,ED000119263
717,1117,BISELECT-5 TABLETS 10^T,BISELECT5,BISELECT2.5,TABLETS10^T,STRIPOF10TABLETS,ED000011670
717,1118,BISELECT-5 TABLETS 10^T,BISELECT5,BISELECT5,TABLETS10^T,STRIPOF10TABLETS,ED000011670
720,1129,BISOHEART-AM 2.5 TABLETS 1*10,BISOHEARTAM2.5,BISOHEARTAM2.5MG,TABLETS1*10,STRIPOF10TABLETS,ED000011678
718,1130,BISOHEART-2.5 TABLETS 1*10,BISOHEART2.5,BISOHEART2.5,TABLETS1*10,STRIPOF10TABLETS,ED000011676
719,1130,BISOHEART-5 TABLETS 1*10,BISOHEART5,BISOHEART2.5,TABLETS1*10,STRIPOF10TABLETS,ED000011677
720,1130,BISOHEART-AM 2.5 TABLETS 1*10,BISOHEARTAM2.5,BISOHEART2.5,TABLETS1*10,STRIPOF10TABLETS,ED000011678
718,1131,BISOHEART-2.5 TABLETS 1*10,BISOHEART2.5,BISOHEART5,TABLETS1*10,STRIPOF10TABLETS,ED000011676
719,1131,BISOHEART-5 TABLETS 1*10,BISOHEART5,BISOHEART5,TABLETS1*10,STRIPOF10TABLETS,ED000011677
721,1131,BISOHEART-AM 5 TABLETS 1*10,BISOHEARTAM5,BISOHEART5,TABLETS1*10,STRIPOF10TABLETS,ED000011679
719,1132,BISOHEART-5 TABLETS 1*10,BISOHEART5,BISOHEARTAM5,TABLETS1*10,STRIPOF10TABLETS,ED000011677
720,1132,BISOHEART-AM 2.5 TABLETS 1*10,BISOHEARTAM2.5,BISOHEARTAM5,TABLETS1*10,STRIPOF10TABLETS,ED000011678
721,1132,BISOHEART-AM 5 TABLETS 1*10,BISOHEARTAM5,BISOHEARTAM5,TABLETS1*10,STRIPOF10TABLETS,ED000011679
724,1135,BISONEXT 10 TABLETS 15^S,BISONEXT10,BISONEXT10,TABLETSStripof15,STRIPOF15TABLETS,ED000159791
725,1136,BISONEXT 2.5 TABLETS 15^S,BISONEXT2.5,BISONEXT2.5,TABLETSStripof15,STRIPOF15TABLETS,ED000159792
726,1136,BISONEXT 5 TABLETS 10^S,BISONEXT5,BISONEXT2.5,STRIPOF10TABLETS,STRIPOF15TABLETS,ED000168601
725,1137,BISONEXT 2.5 TABLETS 15^S,BISONEXT2.5,BISONEXT5,TABLETSStripof15,STRIPOF15TABLETS,ED000159792
726,1137,BISONEXT 5 TABLETS 10^S,BISONEXT5,BISONEXT5,STRIPOF10TABLETS,STRIPOF15TABLETS,ED000168601
725,1138,BISONEXT 2.5 TABLETS 15^S,BISONEXT2.5,BISONEXTAM2.5,TABLETSStripof15,STRIPOF15TABLETS,ED000159792
726,1139,BISONEXT 5 TABLETS 10^S,BISONEXT5,BISONEXTAM5,STRIPOF10TABLETS,STRIPOF15TABLETS,ED000168601
729,1141,BISOSAFE 2.5 TABLETS 10^S,BISOSAFE2.5,BISOSAFE2.5MG,STRIPOF10TABLETS,STRIPOF10TABLETS,ED000110648
730,1142,BISOSAFE 5 TABLETS 10^S,BISOSAFE5,BISOSAFE5MG,STRIPOF10TABLETS,STRIPOF10TABLETS,
739,1155,BIZFER XT TABLETS 10^S,BIZFERXT,BIZFERXT,STRIPOF10TABLETS,STRIPOF10TABLETS,ED000011742
756,1166,BLADMIR S 50 TABLETS 10S,BLADMIRS50,BLADMIR50,STRIPOF10TABLETS,STRIPOF10TABLETS,ED000141301
755,1167,BLADMIR S 25 TABLETS 10S,BLADMIRS25,BLADMIRS50,STRIPOF10TABLETS,STRIPOF1COMBIKITTABLETS,ED000141300
756,1167,BLADMIR S 50 TABLETS 10S,BLADMIRS50,BLADMIRS50,STRIPOF10TABLETS,STRIPOF1COMBIKITTABLETS,ED000141301
755,1168,BLADMIR S 25 TABLETS 10S,BLADMIRS25,BLADMIR25,STRIPOF10TABLETS,STRIPOF10TABLETS,ED000141300
755,1170,BLADMIR S 25 TABLETS 10S,BLADMIRS25,BLADMIRS50,STRIPOF10TABLETS,STRIPOF10TABLETS,ED000141300
756,1170,BLADMIR S 50 TABLETS 10S,BLADMIRS50,BLADMIRS50,STRIPOF10TABLETS,STRIPOF10TABLETS,ED000141301
589,1172,BILAST TABLETS 10S,BILAST,BLAST,STRIPOF10TABLETS,STRIPOF10TABLETS,ED000140992
763,1177,BLIEU SOFT GEL CAPSULES 10^S,BLIEUSOFTGEL,BLIEUSOFTGEL,STRIPOF10CAPSULES,STRIPOF10CAPSULES,ED000011772
764,1177,BLIEU SOFTGEL CAPSULES-30045020 10^S,BLIEUSOFTGEL,BLIEUSOFTGEL,CAPSULES30045020Stripof10,STRIPOF10CAPSULES,ED000011772
765,1178,BLISE CREAM 20GM,BLISE,BLISE,CREAM20GM,TUBEOF100GFACEWASHGEL,ED000011777
775,1181,BLISTO 2 TABLETS 10^S,BLISTO2,BLISTO2,STRIPOF10TABLETS,STRIPOF10TABLETS,ED000011785
778,1182,BLISTO 4 TABLETS 10^S,BLISTO4,BLISTO4,STRIPOF10TABLETS,STRIPOF10TABLETS,ED000011786
780,1183,BLISTO TRIO 2,BLISTOTRIO2,BLISTOTRIO1,,STRIPOF10TABLETS,ED000011792
780,1184,BLISTO TRIO 2,BLISTOTRIO2,BLISTOTRIO2,,STRIPOF10TABLETS,ED000011792
772,1185,BLISTO 1 TABLETS 10^S,BLISTO1,BLISTO1,STRIPOF10TABLETS,STRIPOF10TABLETS,ED000011784
770,1186,BLISTO 1 MF TABLETS 10^S,BLISTO1MF,BLISTO1MF,STRIPOF10TABLETS,STRIPOF10TABLETS,ED000011787
771,1186,BLISTO 1 MF TABLETS 10^S,BLISTO1MF,BLISTO1MF,STRIPOF10TABLETS,STRIPOF10TABLETS,ED000011787
773,1187,BLISTO 2 MF TABLETS 10^S,BLISTO2MF,BLISTO2MF,STRIPOF10TABLETS,STRIPOF10TABLETS,ED000011788
774,1187,BLISTO 2 MF TABLETS 10^S,BLISTO2MF,BLISTO2MF,STRIPOF10TABLETS,STRIPOF10TABLETS,ED000011788
776,1188,BLISTO 4 MF TABLETS 10^S,BLISTO4MF,BLISTO4MF,STRIPOF10TABLETS,STRIPOF10TABLETS,ED000011790
777,1188,BLISTO 4 MF TABLETS 10^S,BLISTO4MF,BLISTO4MF,STRIPOF10TABLETS,STRIPOF10TABLETS,ED000011790
782,1196,B-LONG F TABLETS 30^S,BLONGF,BLONGF,TABLETSStripof30,STRIPOF30TABLETS,ED000009287
783,1196,B-LONG TABLETS 30^S,BLONG,BLONGF,TABLETSStripof30,STRIPOF30TABLETS,ED000009286
792,1209,BLUDROX 250 DT TABLETS 10TABLETS,BLUDROX250DT,BLUDROX250DT,TABLETS,STRIPOF10TABLETS,ED000011836
793,1210,BLUDROX 500 TABLETS 10TABLETS,BLUDROX500,BLUDROX500MG,TABLETS,STRIPOF10TABLETS,ED000011837
797,1215,BLUMOX 250 DT TABLETS 15TABLETS,BLUMOX250DT,BLUMOX250DT,TABLETS,STRIPOF15TABLETS,ED000011858
799,1217,BLUMOX CA 375MG 10TABLETS,BLUMOXCA375MG10,BLUMOXCA375MG,TABLETS,STRIPOF10TABLETS,ED000011864
800,1218,BLUMOX CA 625MG 10TABLETS,BLUMOXCA625MG10,BLUMOXCA625MG,TABLETS,STRIPOF10TABLETS,ED000011865
800,1219,BLUMOX CA 625MG 10TABLETS,BLUMOXCA625MG10,BLUMOXCA625MG,TABLETS,STRIPOF6TABLETS,ED000011865
798,1220,BLUMOX 500 TABLETS 10TABLETS,BLUMOX500,BLUMOX500,TABLETS,STRIPOF10CAPSULES,ED000011859
804,1220,BLUMOX LB 500 TABLETS 10TABLETS,BLUMOXLB500,BLUMOX500,TABLETS,STRIPOF10CAPSULES,ED000011872
798,1221,BLUMOX 500 TABLETS 10TABLETS,BLUMOX500,BLUMOX500,TABLETS,STRIPOF15CAPSULES,ED000011859
804,1221,BLUMOX LB 500 TABLETS 10TABLETS,BLUMOXLB500,BLUMOX500,TABLETS,STRIPOF15CAPSULES,ED000011872
806,1223,BLUMOX PLUS TABLETS 10S,BLUMOXPLUS,BLUMOXPLUS,STRIPOF10TABLETS,STRIPOF10CAPSULES,ED000011875
806,1224,BLUMOX PLUS TABLETS 10S,BLUMOXPLUS,BLUMOXPLUS,STRIPOF10TABLETS,STRIPOF15CAPSULES,ED000011875
827,1246,BON K2 HD TABLETS 10^S,BONK2HD,BONK2HD,STRIPOF10TABLETS,STRIPOF10TABLETS,ED000011939
828,1246,BON K2 HD TABLETS 10S,BONK2HD,BONK2HD,STRIPOF10TABLETS,STRIPOF10TABLETS,ED000011939
835,1256,BONE C PLUS CAPSULES,BONECPLUS,BONECPLUS,CAPSULES,STRIPOF15CAPSULES,ED000011957
836,1256,BONE C PLUS SYRUP,BONECPLUS,BONECPLUS,SYRUP,STRIPOF15CAPSULES,ED000119580
829,1258,BON K2 TABLETS 10T,BONK2,BONEK2,TABLETS10T,STRIPOF10TABLETS,ED000011938
830,1258,BON K2 TABLETS 10TABLETS,BONK2,BONEK2,TABLETS,STRIPOF10TABLETS,ED000011938
845,1259,BONEBASE TABLETS 10^S,BONEBASE,BONEBASE,STRIPOF10TABLETS,STRIPOF10CAPSULES,ED000011963
845,1260,BONEBASE TABLETS 10^S,BONEBASE,BONEBASE,STRIPOF10TABLETS,STRIPOF10CAPSULES,ED000011963
839,1261,BONEBASE F 40 CAPSULES 18% 10^S,BONEBASEF40,BONEBASEF40,CAPSULES18%Stripof10,STRIPOF10CAPSULES,ED000011964
839,1262,BONEBASE F 40 CAPSULES 18% 10^S,BONEBASEF40,BONEBASEF40,CAPSULES18%Stripof10,STRIPOF10CAPSULES,ED000011964
844,1265,BONEBASE PLUS CAPSULES 15^S,BONEBASEPLUS,BONEBASEPLUS,CAPSULESStripof15,STRIPOF15CAPSULES,ED000011968
838,1266,BONEBASE D3 TABLETS 15^S,BONEBASED3,BONEBASED3,TABLETSStripof15,STRIPOF15TABLETS,
835,1267,BONE C PLUS CAPSULES,BONECPLUS,BONECPLUS,CAPSULES,STRIPOF15CAPSULES,ED000011957
836,1267,BONE C PLUS SYRUP,BONECPLUS,BONECPLUS,SYRUP,STRIPOF15CAPSULES,ED000119580
847,1279,BONESTAT CAPSULES 15^S,BONESTAT,BONESTAT,CAPSULESStripof15,STRIPOF15CAPSULES,ED000011980
849,1287,BONFAST CAPSULES 10^S,BONFAST,BONFAST,STRIPOF10CAPSULES,STRIPOF10CAPSULES,ED000011986
852,1289,BONHEAL 750 TABLETS 10^S,BONHEAL750,BONHEAL750,STRIPOF10TABLETS,STRIPOF10CAPSULES,ED000011994
829,1302,BON K2 TABLETS 10T,BONK2,BONK2,TABLETS10T,STRIPOF10TABLETS,ED000011938
830,1302,BON K2 TABLETS 10TABLETS,BONK2,BONK2,TABLETS,STRIPOF10TABLETS,ED000011938
861,1305,BONMAX D3 CAPSULES 4 CAPSULES,BONMAXD3,BONMAXD3,CAPSULES,STRIPOF4CAPSULES,ED000012025
863,1310,BONNISAN DROP 30ML,BONNISAN,BONNISAN,DROP30ML,BOTTLEOF200MLSYRUP,ED000012032
882,1349,BOSENTAS 125 10TABLETS,BOSENTAS12510,BOSENTAS125,TABLETS,STRIPOF10TABLETS,ED000012135
882,1350,BOSENTAS 125 10TABLETS,BOSENTAS12510,BOSENTAS125,TABLETS,STRIPOF10TABLETS,ED000012135
883,1351,BOSENTAS 62.5 10TABLETS,BOSENTAS62.510,BOSENTAS62.5,TABLETS,STRIPOF10TABLETS,ED000012136
885,1353,BOSS CAPSULES 10^S,BOSS,BOSS,STRIPOF10CAPSULES,BOTTLEOF200MLSYRUP,ED000110674
886,1353,BOSS CAPSULES 1*10,BOSS,BOSS,CAPSULES1*10,BOTTLEOF200MLSYRUP,ED000012139
887,1353,BOSS DROPS 15ML,BOSS,BOSS,DROPS15ML,BOTTLEOF200MLSYRUP,ED000012141
888,1353,BOSS POWDER 200GM,BOSS,BOSS,POWDER200GM,BOTTLEOF200MLSYRUP,ED000149051
890,1353,BOSS SYRUP 200ML,BOSS,BOSS,SYRUP200ML,BOTTLEOF200MLSYRUP,ED000149052
885,1354,BOSS CAPSULES 10^S,BOSS,BOSS,STRIPOF10CAPSULES,PACKOF200GPOWDER,ED000110674
886,1354,BOSS CAPSULES 1*10,BOSS,BOSS,CAPSULES1*10,PACKOF200GPOWDER,ED000012139
887,1354,BOSS DROPS 15ML,BOSS,BOSS,DROPS15ML,PACKOF200GPOWDER,ED000012141
888,1354,BOSS POWDER 200GM,BOSS,BOSS,POWDER200GM,PACKOF200GPOWDER,ED000149051
890,1354,BOSS SYRUP 200ML,BOSS,BOSS,SYRUP200ML,PACKOF200GPOWDER,ED000149052
893,1359,BOTROPASE INJECTION,BOTROPASE,BOTROPASE,INJECTION,AMPOULEOF1MLINJECTION,ED000012156
894,1359,BOTROPASE INJECTION,BOTROPASE,BOTROPASE,INJECTION,AMPOULEOF1MLINJECTION,ED000012155
893,1360,BOTROPASE INJECTION,BOTROPASE,BOTROPASE,INJECTION,AMPOULEOF5X1MLINJECTION,ED000012156
894,1360,BOTROPASE INJECTION,BOTROPASE,BOTROPASE,INJECTION,AMPOULEOF5X1MLINJECTION,ED000012155
893,1361,BOTROPASE INJECTION,BOTROPASE,BOTROPASE,INJECTION,AMPULEOF2MLINJECTION,ED000012156
894,1361,BOTROPASE INJECTION,BOTROPASE,BOTROPASE,INJECTION,AMPULEOF2MLINJECTION,ED000012155
913,1395,BRAINGIS TABLETS NEW 10,BRAINGIS,BRAINGIS,TABLETSNEW10,STRIPOF10TABLETS,ED000149055
914,1396,BRAINIEST SF SYRUP 150ML,BRAINIESTSF,BRAINIEST,SYRUP150ML,BOTTLEOF150MLSYRUP,ED000184197
915,1396,BRAINIEST SYRUP 1BOTTLE,BRAINIEST,BRAINIEST,SYRUP1BOTTLE,BOTTLEOF150MLSYRUP,ED000012229
915,1397,BRAINIEST SYRUP 1BOTTLE,BRAINIEST,BRAINIESTIQ,SYRUP1BOTTLE,STRIPOF10TABLETS,ED000012229
919,1401,BRAKKE TABLETS 10^S,BRAKKE,BRAKKE,STRIPOF10TABLETS,STRIPOF10TABLETS,ED000012233
920,1402,BRAVIA 20 TABLETS 10^S,BRAVIA20,BRAVIA20,STRIPOF10TABLETS,STRIPOF10TABLETS,ED000012236
921,1403,BRAVIA D TABLETS 10^S,BRAVIAD,BRAVIAD,STRIPOF10TABLETS,STRIPOF10TABLETS,ED000012237
922,1404,BRAVIA DSR CAPSULES 10^S,BRAVIADSR,BRAVIADSR,STRIPOF10CAPSULES,STRIPOF10CAPSULES,ED000012238
924,1405,BRAVIA LS CAPSULES 1*10,BRAVIALS,BRAVIALS,CAPSULES1*10,STRIPOF10CAPSULES,ED000012240
923,1406,BRAVIA IT CAPSULES 10^S,BRAVIAIT,BRAVIAIT,STRIPOF10CAPSULES,STRIPOF10CAPSULES,ED000012239
926,1411,BREAKFIX TABLETS 15^S,BREAKFIX,BREAKFIX,TABLETSStripof15,STRIPOF15TABLETS,ED000012246
936,1416,BRESOL TABLETS-3004 60 TABLETS,BRESOL,BRESOL,TABLETS,BOTTLEOF10MLNOSESOLUTION,ED000012284
936,1417,BRESOL TABLETS-3004 60 TABLETS,BRESOL,BRESOL,TABLETS,BOTTLEOF100MLSYRUP,ED000012284
936,1418,BRESOL TABLETS-3004 60 TABLETS,BRESOL,BRESOL,TABLETS,BOTTLEOF200MLSYRUP,ED000012284
936,1419,BRESOL TABLETS-3004 60 TABLETS,BRESOL,BRESOL,TABLETS,BOTTLEOF60TABLETS,ED000012284
941,1426,BREVOXYL CREAMY WASH 50GM,BREVOXYL,BREVOXYL,CREAMYWASH50GM,TUBEOF20GMCREAM,ED000012291
941,1427,BREVOXYL CREAMY WASH 50GM,BREVOXYL,BREVOXYL,CREAMYWASH50GM,TUBEOF50GMCLEANSER,ED000012291
947,1433,BRICAREX(LS)SYRUP 100ML,BRICAREX(LS),BRICAREXLS,SYRUP100ML,BOTTLEOF100MLEXPECTORANT,ED000012326
944,1436,BRICAREX DX JUNIOR SYRUP 100ML,BRICAREXDXJUNIOR,BRICAREXDXJUNIOR,SYRUP100ML,BOTTLEOF100MLSYRUP,ED000158563
948,1438,BRICET 10 10S,BRICET1010S,BRICET100,,STRIPOF10TABLETS,ED000157486
956,1446,BRIGREL TABLETS 10S,BRIGREL,BRIGREL,STRIPOF10TABLETS,STRIPOF10TABLETS,ED000140995
957,1446,BRIGREL TABLETS 10^S,BRIGREL,BRIGREL,STRIPOF10TABLETS,STRIPOF10TABLETS,ED000140995
959,1451,BRILINTA 90MG TABLETS 14^S,BRILINTA90MG,BRILINTA60MG,TABLETSStripof14,STRIPOF14TABLETS,ED000012339
959,1452,BRILINTA 90MG TABLETS 14^S,BRILINTA90MG,BRILINTA90,TABLETSStripof14,BOTTLEOF180TABLETS,ED000012339
959,1453,BRILINTA 90MG TABLETS 14^S,BRILINTA90MG,BRILINTA90MG,TABLETSStripof14,STRIPOF14TABLETS,ED000012339
973,1477,BRINTELLIX 10MG TABLETS,BRINTELLIX10MG,BRINTELLIX10MG,TABLETS,STRIPOF10TABLETS,ED000110691
974,1477,BRINTELLIX 20MG TABLETS,BRINTELLIX20MG,BRINTELLIX10MG,TABLETS,STRIPOF10TABLETS,ED000119193
973,1478,BRINTELLIX 10MG TABLETS,BRINTELLIX10MG,BRINTELLIX20MG,TABLETS,STRIPOF10TABLETS,ED000110691
974,1478,BRINTELLIX 20MG TABLETS,BRINTELLIX20MG,BRINTELLIX20MG,TABLETS,STRIPOF10TABLETS,ED000119193
975,1479,BRINTELLIX 5MG TABLETS,BRINTELLIX5MG,BRINTELLIX5MG,TABLETS,STRIPOF10TABLETS,ED000110692
990,1512,BRITE CREAM 12% 20GM,BRITE,BRITE,CREAM12%20GM,BOTTLEOF10MLEYEDROPS,ED000012398
991,1512,BRITE CREAM. 20GM,BRITE,BRITE,CREAM.20GM,BOTTLEOF10MLEYEDROPS,ED000012398
990,1513,BRITE CREAM 12% 20GM,BRITE,BRITE,CREAM12%20GM,TUBEOF20GCREAM,ED000012398
991,1513,BRITE CREAM. 20GM,BRITE,BRITE,CREAM.20GM,TUBEOF20GCREAM,ED000012398
992,1514,BRITE LITE CREAM. 20GM,BRITELITE,BRITELITE,CREAM.20GM,TUBEOF20GCREAM,ED000012399
1003,1546,BRIVAJOY 100 TABLETS 14^S,BRIVAJOY100,BRIVAJOY100,TABLETSStripof14,STRIPOF14TABLETS,ED000156894
1004,1547,BRIVAJOY 50 TABLETS 14^S,BRIVAJOY50,BRIVAJOY50,TABLETSStripof14,STRIPOF14TABLETS,ED000156896
1005,1547,BRIVAJOY 75 TABLETS 14^S,BRIVAJOY75,BRIVAJOY50,TABLETSStripof14,STRIPOF14TABLETS,ED000169273
1004,1548,BRIVAJOY 50 TABLETS 14^S,BRIVAJOY50,BRIVAJOY75,TABLETSStripof14,STRIPOF14TABLETS,ED000156896
1005,1548,BRIVAJOY 75 TABLETS 14^S,BRIVAJOY75,BRIVAJOY75,TABLETSStripof14,STRIPOF14TABLETS,ED000169273
1015,1556,BRIVASURE INJECTION 5ML,BRIVASURE,BRIVASURE25,INJECTION5ML,STRIPOF10TABLETS,ED000157742
1015,1557,BRIVASURE INJECTION 5ML,BRIVASURE,BRIVASURE50,INJECTION5ML,STRIPOF10TABLETS,ED000157742
1015,1558,BRIVASURE INJECTION 5ML,BRIVASURE,BRIVASURE75,INJECTION5ML,STRIPOF10TABLETS,ED000157742
1020,1561,BRIVAZEN INJECTION 5ML,BRIVAZEN,BRIVAZEN,INJECTION5ML,BOTTLEOF100MLORALSOLUTION,ED000157388
1023,1567,BRIVEPSY 100 TABLETS 14^S,BRIVEPSY100,BRIVEPSY100,TABLETSStripof14,STRIPOF14TABLETS,ED000159541
1024,1568,BRIVEPSY 50 TABLETS 14^S,BRIVEPSY50,BRIVEPSY50,TABLETSStripof14,STRIPOF14TABLETS,ED000159542
1025,1569,BRIVETOIN 100 TABLETS 10^S,BRIVETOIN100,BRIVETOIN100,STRIPOF10TABLETS,STRIPOF10TABLETS,ED000156897
1026,1570,BRIVETOIN 50 TABLETS 10^S,BRIVETOIN50,BRIVETOIN25,STRIPOF10TABLETS,STRIPOF10TABLETS,ED000156899
1026,1571,BRIVETOIN 50 TABLETS 10^S,BRIVETOIN50,BRIVETOIN50,STRIPOF10TABLETS,STRIPOF10TABLETS,ED000156899
1026,1572,BRIVETOIN 50 TABLETS 10^S,BRIVETOIN50,BRIVETOIN75,STRIPOF10TABLETS,STRIPOF10TABLETS,ED000156899
1029,1576,BRIVGARD 50MG TABLETS 10S,BRIVGARD50MG,BRIVGARD50,STRIPOF10TABLETS,STRIPOF10TABLETS,ED000157182
1030,1578,BRIVIACT 100 MG TABLETS 14S,BRIVIACT100MG,BRIVIACT100MG,TABLETS14S,STRIPOF14TABLETS,ED000117238
1031,1579,BRIVIACT 50 MG TABLETS 14S,BRIVIACT50MG,BRIVIACT50MG,TABLETS14S,STRIPOF14TABLETS,ED000110697
1032,1579,BRIVIACT 75 MG TABLETS 14S,BRIVIACT75MG,BRIVIACT50MG,TABLETS14S,STRIPOF14TABLETS,ED000147031
1031,1580,BRIVIACT 50 MG TABLETS 14S,BRIVIACT50MG,BRIVIACT75MG,TABLETS14S,STRIPOF14TABLETS,ED000110697
1032,1580,BRIVIACT 75 MG TABLETS 14S,BRIVIACT75MG,BRIVIACT75MG,TABLETS14S,STRIPOF14TABLETS,ED000147031
1057,1588,BROZEDEX LS DROP 15ML,BROZEDEXLS,BROZEDEXLS,DROP15ML,BOTTLEOF100MLSYRUP,ED000012417
1059,1588,BROZEDEX LS SYRUP 100ML,BROZEDEXLS,BROZEDEXLS,SYRUP100ML,BOTTLEOF100MLSYRUP,ED000012419
1061,1588,BROZEDEX SF SYRUP # 100ML,BROZEDEXSF,BROZEDEXLS,SYRUP#100ML,BOTTLEOF100MLSYRUP,ED000012415
1036,1590,BROCLEAR TABLETS 10^S,BROCLEAR,BROCLEAR,STRIPOF10TABLETS,STRIPOF10TABLETS,ED000012459
1037,1590,BROCLEAR TABLETS 10^S,BROCLEAR,BROCLEAR,STRIPOF10TABLETS,STRIPOF10TABLETS,ED000012459
1053,1618,BROPHYLE CAPSULES 10*10C,BROPHYLE,BROPHYLEN,CAPSULES10*10C,STRIPOF10TABLETS,ED000012594
1054,1618,BROPHYLE N TABLETS 10T,BROPHYLEN,BROPHYLEN,TABLETS10T,STRIPOF10TABLETS,ED000140566
1055,1618,BROPHYLE N TABLETS # 10S,BROPHYLEN,BROPHYLEN,TABLETS#10S,STRIPOF10TABLETS,ED000140566
1063,1624,BROZEDEX SYRUP,BROZEDEX,BROZEDEX,SYRUP,BOTTLEOF100MLSYRUP,
1064,1624,BROZEDEX SYRUP 100ML 100ML,BROZEDEX,BROZEDEX,SYRUP100ML100ML,BOTTLEOF100MLSYRUP,ED000012414
1057,1625,BROZEDEX LS DROP 15ML,BROZEDEXLS,BROZEDEXLS,DROP15ML,BOTTLEOF100MLEXPECTORANT,ED000012417
1059,1625,BROZEDEX LS SYRUP 100ML,BROZEDEXLS,BROZEDEXLS,SYRUP100ML,BOTTLEOF100MLEXPECTORANT,ED000012419
1061,1625,BROZEDEX SF SYRUP # 100ML,BROZEDEXSF,BROZEDEXLS,SYRUP#100ML,BOTTLEOF100MLEXPECTORANT,ED000012415
1057,1626,BROZEDEX LS DROP 15ML,BROZEDEXLS,BROZEDEXLS,DROP15ML,BOTTLEOF100MLEXPECTORANT,ED000012417
1059,1626,BROZEDEX LS SYRUP 100ML,BROZEDEXLS,BROZEDEXLS,SYRUP100ML,BOTTLEOF100MLEXPECTORANT,ED000012419
1061,1626,BROZEDEX SF SYRUP # 100ML,BROZEDEXSF,BROZEDEXLS,SYRUP#100ML,BOTTLEOF100MLEXPECTORANT,ED000012415
1057,1627,BROZEDEX LS DROP 15ML,BROZEDEXLS,BROZEDEXLS,DROP15ML,BOTTLEOF60MLSYRUP,ED000012417
1059,1627,BROZEDEX LS SYRUP 100ML,BROZEDEXLS,BROZEDEXLS,SYRUP100ML,BOTTLEOF60MLSYRUP,ED000012419
1061,1627,BROZEDEX SF SYRUP # 100ML,BROZEDEXSF,BROZEDEXLS,SYRUP#100ML,BOTTLEOF60MLSYRUP,ED000012415
1057,1630,BROZEDEX LS DROP 15ML,BROZEDEXLS,BROZEDEXSF,DROP15ML,BOTTLEOF100MLSYRUP,ED000012417
1059,1630,BROZEDEX LS SYRUP 100ML,BROZEDEXLS,BROZEDEXSF,SYRUP100ML,BOTTLEOF100MLSYRUP,ED000012419
1061,1630,BROZEDEX SF SYRUP # 100ML,BROZEDEXSF,BROZEDEXSF,SYRUP#100ML,BOTTLEOF100MLSYRUP,ED000012415
1035,1635,BRO-ZEET LS DROP 15ML,BROZEETLS,BROZEETLS,DROP15ML,BOTTLEOF100MLSYRUP,ED000012633
1066,1635,BRO-ZEET LS SYRUP 100ML,BROZEETLS,BROZEETLS,SYRUP100ML,BOTTLEOF100MLSYRUP,ED000012634
1035,1636,BRO-ZEET LS DROP 15ML,BROZEETLS,BROZEETLS,DROP15ML,BOTTLEOF15MLDROPS,ED000012633
1066,1636,BRO-ZEET LS SYRUP 100ML,BROZEETLS,BROZEETLS,SYRUP100ML,BOTTLEOF15MLDROPS,ED000012634
1072,1639,BRUFEN 200 TABLETS $ 15^S,BRUFEN200,BRUFEN200,TABLETS$Stripof15,STRIPOF15TABLETS,ED000012662
1073,1640,BRUFEN 400 TABLETS $ 15^S,BRUFEN400,BRUFEN400,TABLETS$Stripof15,STRIPOF15TABLETS,ED000012663
1074,1641,BRUFEN 600 TABLETS $ 15^S,BRUFEN600,BRUFEN600,TABLETS$Stripof15,STRIPOF15TABLETS,ED000012664
1086,1658,BRUTAL TABLETS 1,BRUTAL,BRUTAL,TABLETS1,BOTTLEOF10MLSUSPENSION,
1091,1669,BTN TABLETS 10^S,BTN,BTN,STRIPOF10TABLETS,STRIPOF10TABLETS,ED000012738
1090,1670,BTN FORTE TABLETS 10^S,BTNFORTE,BTNFORTE,STRIPOF10TABLETS,STRIPOF10TABLETS,ED000012735
1092,1671,BTN ULTRA TABLETS 30^S,BTNULTRA,BTNULTRA,TABLETSStripof30,STRIPOF10TABLETS,ED000152286
1092,1672,BTN ULTRA TABLETS 30^S,BTNULTRA,BTNULTRA,TABLETSStripof30,STRIPOF30TABLETS,ED000152286
1107,1685,BUDAMATE FORTE CAPSULES 30C,BUDAMATEFORTE,BUDAMATEFORTE,CAPSULES30C,BOTTLEOF30CAPSULES,ED000012759
1115,1698,BUDATE FORTE TRANSPULES 2ML,BUDATEFORTETRANSPULES2ML,BUDATEFORTETRANSPULE,,BOTTLEOF2MLSUSPENSION,ED000012771
1133,1718,BUDETROL 100 CAPSULES 30^S,BUDETROL100,BUDETROL100,CAPSULESStripof30,PACKOF120METEREDDOSESINHALER,ED000012790
1135,1718,BUDETROL 200 CAPSULES 30^S,BUDETROL200,BUDETROL100,CAPSULESStripof30,PACKOF120METEREDDOSESINHALER,ED000012792
1137,1718,BUDETROL 400  CAPSULES 30^S,BUDETROL400,BUDETROL100,CAPSULESStripof30,PACKOF120METEREDDOSESINHALER,ED000012794
1133,1719,BUDETROL 100 CAPSULES 30^S,BUDETROL100,BUDETROL100MG,CAPSULESStripof30,STRIPOF30ROTACAPS,ED000012790
1133,1720,BUDETROL 100 CAPSULES 30^S,BUDETROL100,BUDETROL100MG,CAPSULESStripof30,STRIPOF30ROTACAPS,ED000012790
1133,1721,BUDETROL 100 CAPSULES 30^S,BUDETROL100,BUDETROL200,CAPSULESStripof30,BOTTLEOF30CAPSULES,ED000012790
1135,1721,BUDETROL 200 CAPSULES 30^S,BUDETROL200,BUDETROL200,CAPSULESStripof30,BOTTLEOF30CAPSULES,ED000012792
1137,1721,BUDETROL 400  CAPSULES 30^S,BUDETROL400,BUDETROL200,CAPSULESStripof30,BOTTLEOF30CAPSULES,ED000012794
1133,1722,BUDETROL 100 CAPSULES 30^S,BUDETROL100,BUDETROL200,CAPSULESStripof30,BOTTLEOF7.2GM120METEREDACTUATIONS,ED000012790
1135,1722,BUDETROL 200 CAPSULES 30^S,BUDETROL200,BUDETROL200,CAPSULESStripof30,BOTTLEOF7.2GM120METEREDACTUATIONS,ED000012792
1137,1722,BUDETROL 400  CAPSULES 30^S,BUDETROL400,BUDETROL200,CAPSULESStripof30,BOTTLEOF7.2GM120METEREDACTUATIONS,ED000012794
1133,1723,BUDETROL 100 CAPSULES 30^S,BUDETROL100,BUDETROL400,CAPSULESStripof30,BOTTLEOF30CAPSULES,ED000012790
1135,1723,BUDETROL 200 CAPSULES 30^S,BUDETROL200,BUDETROL400,CAPSULESStripof30,BOTTLEOF30CAPSULES,ED000012792
1137,1723,BUDETROL 400  CAPSULES 30^S,BUDETROL400,BUDETROL400,CAPSULESStripof30,BOTTLEOF30CAPSULES,ED000012794
1144,1729,BULARID CAPSULES 10.S,BULARID,BULARID,CAPSULES10.S,STRIPOF10TABLETS,ED000012811
1153,1740,BUPRON XL 150 TABLETS 10^S,BUPRONXL150,BUPRONXL150,STRIPOF10TABLETS,STRIPOF10TABLETS,ED000012847
1155,1745,BURNHEAL CREAM 15GM,BURNHEAL,BURNHEAL,CREAM15GM,TUBEOF15GMCREAM,ED000012859
1161,1754,BUSCOGAST TABLETS 10^S,BUSCOGAST,BUSCOGAST,STRIPOF10TABLETS,AMPULEOF1MLINJECTION,ED000012888
1162,1754,BUSCOGAST TABLETS. 10^S,BUSCOGAST,BUSCOGAST,TABLETS.Stripof10,AMPULEOF1MLINJECTION,ED000012888
1161,1755,BUSCOGAST TABLETS 10^S,BUSCOGAST,BUSCOGAST,STRIPOF10TABLETS,STRIPOF10TABLETS,ED000012888
1162,1755,BUSCOGAST TABLETS. 10^S,BUSCOGAST,BUSCOGAST,TABLETS.Stripof10,STRIPOF10TABLETS,ED000012888
1166,1762,BUTAPROXYVON GEL 30GM,BUTAPROXYVON,BUTAPROXYVAN,GEL30GM,TUBEOF30GGEL,
1166,1764,BUTAPROXYVON GEL 30GM,BUTAPROXYVON,BUTAPROXYVON,GEL30GM,STRIPOF10CAPSULES,
1166,1765,BUTAPROXYVON GEL 30GM,BUTAPROXYVON,BUTAPROXYVONSP,GEL30GM,STRIPOF10TABLETS,
1167,1765,BUTAPROXYVON SP 10 TABLETS,BUTAPROXYVONSP10,BUTAPROXYVONSP,TABLETS,STRIPOF10TABLETS,
1169,1772,BUXORIC 40 TABLETS 10S,BUXORIC40,BUXORIC40,STRIPOF10TABLETS,STRIPOF10TABLETS,ED000012932
1170,1773,BUXORIC 80 TABLETS 10S,BUXORIC80,BUXORIC80,STRIPOF10TABLETS,STRIPOF10TABLETS,ED000012933
